[
    {
        "formName": "Basic Details",
        "sectionName": "Basic Details",
        "formSectionId": 1,
        "sectionSequence": 1,
        "formFieldValueMapping": [
            {
                "formFieldId": 1,
                "fieldName": "First Name",
                "fieldId": "firstName",
                "fieldSequence": 1,
                "fieldTypeId": 1,
                "fieldTypeName": "TEXT BOX",
                "isMandatory": true,
                "maximumValue": 50,
                "minimumValue": 8,
                "isDisabled": true,
                "formFieldOptionMapping": [],
                "formFieldValuesDTOList": [
                    {
                        "createdBy": "Dijisha",
                        "createdDate": "2024-07-26T04:16:16.000+00:00",
                        "updatedBy": "Dijisha",
                        "updatedDate": "2024-07-26T04:16:16.000+00:00",
                        "id": 1,
                        "fieldName": "firstName",
                        "fieldValue": "Dijisha",
                        "formFieldId": 1,
                        "candidateId": 8,
                        "isDisabled": true,
                        "isMandatory": null
                    }
                ]
            },
            {
                "formFieldId": 2,
                "fieldName": "Middle Name",
                "fieldId": "middleName",
                "fieldSequence": 2,
                "fieldTypeId": 1,
                "fieldTypeName": "TEXT BOX",
                "isMandatory": false,
                "maximumValue": 50,
                "minimumValue": 8,
                "isDisabled": true,
                "formFieldOptionMapping": [],
                "formFieldValuesDTOList": [
                    {
                        "createdBy": "Dijisha",
                        "createdDate": "2024-07-26T04:16:16.000+00:00",
                        "updatedBy": "Dijisha",
                        "updatedDate": "2024-07-26T04:16:16.000+00:00",
                        "id": 2,
                        "fieldName": "middleName",
                        "fieldValue": "Naidu",
                        "formFieldId": 2,
                        "candidateId": 8,
                        "isDisabled": true,
                        "isMandatory": null
                    }
                ]
            },
            {
                "formFieldId": 3,
                "fieldName": "Last Name",
                "fieldId": "lastName",
                "fieldSequence": 3,
                "fieldTypeId": 1,
                "fieldTypeName": "TEXT BOX",
                "isMandatory": true,
                "maximumValue": 50,
                "minimumValue": 8,
                "isDisabled": true,
                "formFieldOptionMapping": [],
                "formFieldValuesDTOList": [
                    {
                        "createdBy": "Dijisha",
                        "createdDate": "2024-07-26T04:16:17.000+00:00",
                        "updatedBy": "Dijisha",
                        "updatedDate": "2024-07-26T04:16:17.000+00:00",
                        "id": 3,
                        "fieldName": "lastName",
                        "fieldValue": "Pawar",
                        "formFieldId": 3,
                        "candidateId": 8,
                        "isDisabled": true,
                        "isMandatory": null
                    }
                ]
            },
            {
                "formFieldId": 4,
                "fieldName": "Age",
                "fieldId": "age",
                "fieldSequence": 11,
                "fieldTypeId": 1,
                "fieldTypeName": "TEXT BOX",
                "isMandatory": true,
                "maximumValue": 2,
                "minimumValue": 2,
                "isDisabled": false,
                "formFieldOptionMapping": [],
                "formFieldValuesDTOList": [
                    {
                        "createdBy": "Dijisha",
                        "createdDate": "2024-07-26T04:16:17.000+00:00",
                        "updatedBy": "Dijisha",
                        "updatedDate": "2024-07-26T04:16:17.000+00:00",
                        "id": 4,
                        "fieldName": "age",
                        "fieldValue": "23",
                        "formFieldId": 4,
                        "candidateId": 8,
                        "isDisabled": false,
                        "isMandatory": null
                    }
                ]
            },
            {
                "formFieldId": 5,
                "fieldName": "Aadhaar No",
                "fieldId": "aadhaarNo",
                "fieldSequence": 7,
                "fieldTypeId": 1,
                "fieldTypeName": "TEXT BOX",
                "isMandatory": true,
                "maximumValue": 12,
                "minimumValue": 12,
                "isDisabled": false,
                "formFieldOptionMapping": [],
                "formFieldValuesDTOList": [
                    {
                        "createdBy": "Dijisha",
                        "createdDate": "2024-07-26T04:16:17.000+00:00",
                        "updatedBy": "Dijisha",
                        "updatedDate": "2024-07-26T04:16:17.000+00:00",
                        "id": 5,
                        "fieldName": "aadhaarNo",
                        "fieldValue": "989876765454",
                        "formFieldId": 5,
                        "candidateId": 8,
                        "isDisabled": false,
                        "isMandatory": null
                    }
                ]
            },
            {
                "formFieldId": 6,
                "fieldName": "Date Of Birth",
                "fieldId": "dateOfBirth",
                "fieldSequence": 4,
                "fieldTypeId": 3,
                "fieldTypeName": "DATE",
                "isMandatory": true,
                "maximumValue": null,
                "minimumValue": null,
                "isDisabled": false,
                "formFieldOptionMapping": [],
                "formFieldValuesDTOList": [
                    {
                        "createdBy": "Dijisha",
                        "createdDate": "2024-07-26T04:16:17.000+00:00",
                        "updatedBy": "Dijisha",
                        "updatedDate": "2024-07-26T04:16:17.000+00:00",
                        "id": 6,
                        "fieldName": "dateOfBirth",
                        "fieldValue": "2003-10-08",
                        "formFieldId": 6,
                        "candidateId": 8,
                        "isDisabled": false,
                        "isMandatory": null
                    }
                ]
            },
            {
                "formFieldId": 7,
                "fieldName": "Sex",
                "fieldId": "sex",
                "fieldSequence": 5,
                "fieldTypeId": 5,
                "fieldTypeName": "DROPDOWN",
                "isMandatory": true,
                "maximumValue": null,
                "minimumValue": null,
                "isDisabled": false,
                "formFieldOptionMapping": [
                    {
                        "id": 1,
                        "optionName": "Male"
                    },
                    {
                        "id": 2,
                        "optionName": "Female"
                    },
                    {
                        "id": 3,
                        "optionName": "Trans Gender"
                    }
                ],
                "formFieldValuesDTOList": [
                    {
                        "createdBy": "Dijisha",
                        "createdDate": "2024-07-26T04:16:18.000+00:00",
                        "updatedBy": "Dijisha",
                        "updatedDate": "2024-07-26T04:16:18.000+00:00",
                        "id": 7,
                        "fieldName": "sex",
                        "fieldValue": "Female",
                        "formFieldId": 7,
                        "candidateId": 8,
                        "isDisabled": false,
                        "isMandatory": null
                    }
                ]
            },
            {
                "formFieldId": 8,
                "fieldName": "PAN No",
                "fieldId": "panNo",
                "fieldSequence": 8,
                "fieldTypeId": 1,
                "fieldTypeName": "TEXT BOX",
                "isMandatory": true,
                "maximumValue": 10,
                "minimumValue": 10,
                "isDisabled": false,
                "formFieldOptionMapping": [],
                "formFieldValuesDTOList": [
                    {
                        "createdBy": "Dijisha",
                        "createdDate": "2024-07-26T04:16:18.000+00:00",
                        "updatedBy": "Dijisha",
                        "updatedDate": "2024-07-26T04:16:18.000+00:00",
                        "id": 8,
                        "fieldName": "panNo",
                        "fieldValue": "HYDEW9876N",
                        "formFieldId": 8,
                        "candidateId": 8,
                        "isDisabled": false,
                        "isMandatory": null
                    }
                ]
            },
            {
                "formFieldId": 9,
                "fieldName": "Mobile No",
                "fieldId": "mobileNo",
                "fieldSequence": 9,
                "fieldTypeId": 1,
                "fieldTypeName": "TEXT BOX",
                "isMandatory": true,
                "maximumValue": 10,
                "minimumValue": 10,
                "isDisabled": false,
                "formFieldOptionMapping": [],
                "formFieldValuesDTOList": [
                    {
                        "createdBy": "Dijisha",
                        "createdDate": "2024-07-26T04:16:18.000+00:00",
                        "updatedBy": "Dijisha",
                        "updatedDate": "2024-07-26T04:16:18.000+00:00",
                        "id": 9,
                        "fieldName": "mobileNo",
                        "fieldValue": "9848387724",
                        "formFieldId": 9,
                        "candidateId": 8,
                        "isDisabled": false,
                        "isMandatory": null
                    }
                ]
            },
            {
                "formFieldId": 10,
                "fieldName": "Designation",
                "fieldId": "designation",
                "fieldSequence": 12,
                "fieldTypeId": 1,
                "fieldTypeName": "TEXT BOX",
                "isMandatory": true,
                "maximumValue": 80,
                "minimumValue": 10,
                "isDisabled": true,
                "formFieldOptionMapping": [],
                "formFieldValuesDTOList": [
                    {
                        "createdBy": "Dijisha",
                        "createdDate": "2024-07-26T04:16:18.000+00:00",
                        "updatedBy": "Dijisha",
                        "updatedDate": "2024-07-26T04:16:18.000+00:00",
                        "id": 10,
                        "fieldName": "designation",
                        "fieldValue": "Architect",
                        "formFieldId": 10,
                        "candidateId": 8,
                        "isDisabled": true,
                        "isMandatory": null
                    }
                ]
            },
            {
                "formFieldId": 11,
                "fieldName": "Date Of Joining",
                "fieldId": "dateOfJoining",
                "fieldSequence": 13,
                "fieldTypeId": 3,
                "fieldTypeName": "DATE",
                "isMandatory": true,
                "maximumValue": null,
                "minimumValue": null,
                "isDisabled": true,
                "formFieldOptionMapping": [],
                "formFieldValuesDTOList": [
                    {
                        "createdBy": "Dijisha",
                        "createdDate": "2024-07-26T04:16:19.000+00:00",
                        "updatedBy": "Dijisha",
                        "updatedDate": "2024-07-26T04:16:19.000+00:00",
                        "id": 11,
                        "fieldName": "dateOfJoining",
                        "fieldValue": "2024-05-03 00:00:00.0",
                        "formFieldId": 11,
                        "candidateId": 8,
                        "isDisabled": true,
                        "isMandatory": null
                    }
                ]
            },
            {
                "formFieldId": 12,
                "fieldName": "Marital Status",
                "fieldId": "maritalStatus",
                "fieldSequence": 6,
                "fieldTypeId": 5,
                "fieldTypeName": "DROPDOWN",
                "isMandatory": true,
                "maximumValue": null,
                "minimumValue": null,
                "isDisabled": false,
                "formFieldOptionMapping": [
                    {
                        "id": 4,
                        "optionName": "Married"
                    },
                    {
                        "id": 5,
                        "optionName": "Unmarried"
                    },
                    {
                        "id": 6,
                        "optionName": "Widow"
                    },
                    {
                        "id": 7,
                        "optionName": "Widower"
                    },
                    {
                        "id": 8,
                        "optionName": "Divorcee"
                    }
                ],
                "formFieldValuesDTOList": [
                    {
                        "createdBy": "Dijisha",
                        "createdDate": "2024-07-26T04:16:19.000+00:00",
                        "updatedBy": "Dijisha",
                        "updatedDate": "2024-07-26T04:16:19.000+00:00",
                        "id": 12,
                        "fieldName": "maritalStatus",
                        "fieldValue": "Unmarried",
                        "formFieldId": 12,
                        "candidateId": 8,
                        "isDisabled": false,
                        "isMandatory": null
                    }
                ]
            },
            {
                "formFieldId": 13,
                "fieldName": "Email",
                "fieldId": "email",
                "fieldSequence": 10,
                "fieldTypeId": 2,
                "fieldTypeName": "EMAIL",
                "isMandatory": true,
                "maximumValue": 80,
                "minimumValue": 10,
                "isDisabled": true,
                "formFieldOptionMapping": [],
                "formFieldValuesDTOList": [
                    {
                        "createdBy": "Dijisha",
                        "createdDate": "2024-07-26T04:16:19.000+00:00",
                        "updatedBy": "Dijisha",
                        "updatedDate": "2024-07-26T04:16:19.000+00:00",
                        "id": 13,
                        "fieldName": "email",
                        "fieldValue": "dijisha777@gmail.com",
                        "formFieldId": 13,
                        "candidateId": 8,
                        "isDisabled": true,
                        "isMandatory": null
                    }
                ]
            },
            {
                "formFieldId": 525,
                "fieldName": "FatherName",
                "fieldId": "fatherName",
                "fieldSequence": 11,
                "fieldTypeId": 1,
                "fieldTypeName": "TEXT BOX",
                "isMandatory": true,
                "maximumValue": 50,
                "minimumValue": 3,
                "isDisabled": false,
                "formFieldOptionMapping": [],
                "formFieldValuesDTOList": [
                    {
                        "createdBy": "Dijisha",
                        "createdDate": "2024-07-26T04:16:19.000+00:00",
                        "updatedBy": "Dijisha",
                        "updatedDate": "2024-07-26T04:16:19.000+00:00",
                        "id": 14,
                        "fieldName": "fatherName",
                        "fieldValue": "ANurag",
                        "formFieldId": 525,
                        "candidateId": 8,
                        "isDisabled": false,
                        "isMandatory": null
                    }
                ]
            },
            {
                "formFieldId": 526,
                "fieldName": "Nationality",
                "fieldId": "nationality",
                "fieldSequence": 12,
                "fieldTypeId": 1,
                "fieldTypeName": "TEXT BOX",
                "isMandatory": true,
                "maximumValue": 50,
                "minimumValue": 3,
                "isDisabled": false,
                "formFieldOptionMapping": [],
                "formFieldValuesDTOList": [
                    {
                        "createdBy": "Dijisha",
                        "createdDate": "2024-07-26T04:16:20.000+00:00",
                        "updatedBy": "Dijisha",
                        "updatedDate": "2024-07-26T04:16:20.000+00:00",
                        "id": 15,
                        "fieldName": "nationality",
                        "fieldValue": "iui",
                        "formFieldId": 526,
                        "candidateId": 8,
                        "isDisabled": false,
                        "isMandatory": null
                    }
                ]
            }
        ]
    },
    {
        "formName": "Basic Details",
        "sectionName": "Current Address",
        "formSectionId": 2,
        "sectionSequence": 2,
        "formFieldValueMapping": [
            {
                "formFieldId": 14,
                "fieldName": "Line-1",
                "fieldId": "currentAddressLine-1",
                "fieldSequence": 1,
                "fieldTypeId": 1,
                "fieldTypeName": "TEXT BOX",
                "isMandatory": true,
                "maximumValue": 80,
                "minimumValue": 1,
                "isDisabled": false,
                "formFieldOptionMapping": [],
                "formFieldValuesDTOList": [
                    {
                        "createdBy": "Dijisha",
                        "createdDate": "2024-07-26T04:16:20.000+00:00",
                        "updatedBy": "Dijisha",
                        "updatedDate": "2024-07-26T04:16:20.000+00:00",
                        "id": 16,
                        "fieldName": "currentAddressLine-1",
                        "fieldValue": "s",
                        "formFieldId": 14,
                        "candidateId": 8,
                        "isDisabled": false,
                        "isMandatory": null
                    }
                ]
            },
            {
                "formFieldId": 15,
                "fieldName": "Line-2",
                "fieldId": "currentAddressLine-2",
                "fieldSequence": 2,
                "fieldTypeId": 1,
                "fieldTypeName": "TEXT BOX",
                "isMandatory": true,
                "maximumValue": 80,
                "minimumValue": 1,
                "isDisabled": false,
                "formFieldOptionMapping": [],
                "formFieldValuesDTOList": [
                    {
                        "createdBy": "Dijisha",
                        "createdDate": "2024-07-26T04:16:20.000+00:00",
                        "updatedBy": "Dijisha",
                        "updatedDate": "2024-07-26T04:16:20.000+00:00",
                        "id": 17,
                        "fieldName": "currentAddressLine-2",
                        "fieldValue": "s",
                        "formFieldId": 15,
                        "candidateId": 8,
                        "isDisabled": false,
                        "isMandatory": null
                    }
                ]
            },
            {
                "formFieldId": 16,
                "fieldName": "Area",
                "fieldId": "currentAddressArea",
                "fieldSequence": 3,
                "fieldTypeId": 1,
                "fieldTypeName": "TEXT BOX",
                "isMandatory": true,
                "maximumValue": 80,
                "minimumValue": 1,
                "isDisabled": false,
                "formFieldOptionMapping": [],
                "formFieldValuesDTOList": [
                    {
                        "createdBy": "Dijisha",
                        "createdDate": "2024-07-26T04:16:20.000+00:00",
                        "updatedBy": "Dijisha",
                        "updatedDate": "2024-07-26T04:16:20.000+00:00",
                        "id": 18,
                        "fieldName": "currentAddressArea",
                        "fieldValue": "s",
                        "formFieldId": 16,
                        "candidateId": 8,
                        "isDisabled": false,
                        "isMandatory": null
                    }
                ]
            },
            {
                "formFieldId": 17,
                "fieldName": "City",
                "fieldId": "currentAddressCity",
                "fieldSequence": 4,
                "fieldTypeId": 1,
                "fieldTypeName": "TEXT BOX",
                "isMandatory": true,
                "maximumValue": 80,
                "minimumValue": 1,
                "isDisabled": false,
                "formFieldOptionMapping": [],
                "formFieldValuesDTOList": [
                    {
                        "createdBy": "Dijisha",
                        "createdDate": "2024-07-26T04:16:21.000+00:00",
                        "updatedBy": "Dijisha",
                        "updatedDate": "2024-07-26T04:16:21.000+00:00",
                        "id": 19,
                        "fieldName": "currentAddressCity",
                        "fieldValue": "s",
                        "formFieldId": 17,
                        "candidateId": 8,
                        "isDisabled": false,
                        "isMandatory": null
                    }
                ]
            },
            {
                "formFieldId": 18,
                "fieldName": "State",
                "fieldId": "currentAddressState",
                "fieldSequence": 5,
                "fieldTypeId": 1,
                "fieldTypeName": "TEXT BOX",
                "isMandatory": true,
                "maximumValue": 80,
                "minimumValue": 1,
                "isDisabled": false,
                "formFieldOptionMapping": [],
                "formFieldValuesDTOList": [
                    {
                        "createdBy": "Dijisha",
                        "createdDate": "2024-07-26T04:16:21.000+00:00",
                        "updatedBy": "Dijisha",
                        "updatedDate": "2024-07-26T04:16:21.000+00:00",
                        "id": 20,
                        "fieldName": "currentAddressState",
                        "fieldValue": "AP",
                        "formFieldId": 18,
                        "candidateId": 8,
                        "isDisabled": false,
                        "isMandatory": null
                    }
                ]
            },
            {
                "formFieldId": 19,
                "fieldName": "Area Code",
                "fieldId": "currentAddressAreaCode",
                "fieldSequence": 6,
                "fieldTypeId": 1,
                "fieldTypeName": "TEXT BOX",
                "isMandatory": true,
                "maximumValue": 6,
                "minimumValue": 6,
                "isDisabled": false,
                "formFieldOptionMapping": [],
                "formFieldValuesDTOList": [
                    {
                        "createdBy": "Dijisha",
                        "createdDate": "2024-07-26T04:16:21.000+00:00",
                        "updatedBy": "Dijisha",
                        "updatedDate": "2024-07-26T04:16:21.000+00:00",
                        "id": 21,
                        "fieldName": "currentAddressAreaCode",
                        "fieldValue": "455555",
                        "formFieldId": 19,
                        "candidateId": 8,
                        "isDisabled": false,
                        "isMandatory": null
                    }
                ]
            },
            {
                "formFieldId": 20,
                "fieldName": "Country",
                "fieldId": "currentAddressCountry",
                "fieldSequence": 7,
                "fieldTypeId": 1,
                "fieldTypeName": "TEXT BOX",
                "isMandatory": true,
                "maximumValue": 80,
                "minimumValue": 1,
                "isDisabled": false,
                "formFieldOptionMapping": [],
                "formFieldValuesDTOList": [
                    {
                        "createdBy": "Dijisha",
                        "createdDate": "2024-07-26T04:16:21.000+00:00",
                        "updatedBy": "Dijisha",
                        "updatedDate": "2024-07-26T04:16:21.000+00:00",
                        "id": 22,
                        "fieldName": "currentAddressCountry",
                        "fieldValue": "American Samoa",
                        "formFieldId": 20,
                        "candidateId": 8,
                        "isDisabled": false,
                        "isMandatory": null
                    }
                ]
            }
        ]
    },
    {
        "formName": "Basic Details",
        "sectionName": "Permanent Address",
        "formSectionId": 3,
        "sectionSequence": 3,
        "formFieldValueMapping": [
            {
                "formFieldId": 21,
                "fieldName": "Line-1",
                "fieldId": "permanentAddressLine-1",
                "fieldSequence": 1,
                "fieldTypeId": 1,
                "fieldTypeName": "TEXT BOX",
                "isMandatory": true,
                "maximumValue": 80,
                "minimumValue": 1,
                "isDisabled": false,
                "formFieldOptionMapping": [],
                "formFieldValuesDTOList": [
                    {
                        "createdBy": "Dijisha",
                        "createdDate": "2024-07-26T04:16:22.000+00:00",
                        "updatedBy": "Dijisha",
                        "updatedDate": "2024-07-26T04:16:22.000+00:00",
                        "id": 23,
                        "fieldName": "permanentAddressLine-1",
                        "fieldValue": "s",
                        "formFieldId": 21,
                        "candidateId": 8,
                        "isDisabled": false,
                        "isMandatory": null
                    }
                ]
            },
            {
                "formFieldId": 22,
                "fieldName": "Line-2",
                "fieldId": "permanentAddressLine-2",
                "fieldSequence": 2,
                "fieldTypeId": 1,
                "fieldTypeName": "TEXT BOX",
                "isMandatory": true,
                "maximumValue": 80,
                "minimumValue": 1,
                "isDisabled": false,
                "formFieldOptionMapping": [],
                "formFieldValuesDTOList": [
                    {
                        "createdBy": "Dijisha",
                        "createdDate": "2024-07-26T04:16:22.000+00:00",
                        "updatedBy": "Dijisha",
                        "updatedDate": "2024-07-26T04:16:22.000+00:00",
                        "id": 24,
                        "fieldName": "permanentAddressLine-2",
                        "fieldValue": "f",
                        "formFieldId": 22,
                        "candidateId": 8,
                        "isDisabled": false,
                        "isMandatory": null
                    }
                ]
            },
            {
                "formFieldId": 23,
                "fieldName": "Area",
                "fieldId": "permanentAddressArea",
                "fieldSequence": 3,
                "fieldTypeId": 1,
                "fieldTypeName": "TEXT BOX",
                "isMandatory": true,
                "maximumValue": 80,
                "minimumValue": 1,
                "isDisabled": false,
                "formFieldOptionMapping": [],
                "formFieldValuesDTOList": [
                    {
                        "createdBy": "Dijisha",
                        "createdDate": "2024-07-26T04:16:22.000+00:00",
                        "updatedBy": "Dijisha",
                        "updatedDate": "2024-07-26T04:16:22.000+00:00",
                        "id": 25,
                        "fieldName": "permanentAddressArea",
                        "fieldValue": "a",
                        "formFieldId": 23,
                        "candidateId": 8,
                        "isDisabled": false,
                        "isMandatory": null
                    }
                ]
            },
            {
                "formFieldId": 24,
                "fieldName": "City",
                "fieldId": "permanentAddressCity",
                "fieldSequence": 4,
                "fieldTypeId": 1,
                "fieldTypeName": "TEXT BOX",
                "isMandatory": true,
                "maximumValue": 80,
                "minimumValue": 1,
                "isDisabled": false,
                "formFieldOptionMapping": [],
                "formFieldValuesDTOList": [
                    {
                        "createdBy": "Dijisha",
                        "createdDate": "2024-07-26T04:16:23.000+00:00",
                        "updatedBy": "Dijisha",
                        "updatedDate": "2024-07-26T04:16:23.000+00:00",
                        "id": 26,
                        "fieldName": "permanentAddressCity",
                        "fieldValue": "d",
                        "formFieldId": 24,
                        "candidateId": 8,
                        "isDisabled": false,
                        "isMandatory": null
                    }
                ]
            },
            {
                "formFieldId": 25,
                "fieldName": "State",
                "fieldId": "permanentAddressState",
                "fieldSequence": 5,
                "fieldTypeId": 1,
                "fieldTypeName": "TEXT BOX",
                "isMandatory": true,
                "maximumValue": 80,
                "minimumValue": 1,
                "isDisabled": false,
                "formFieldOptionMapping": [],
                "formFieldValuesDTOList": [
                    {
                        "createdBy": "Dijisha",
                        "createdDate": "2024-07-26T04:16:23.000+00:00",
                        "updatedBy": "Dijisha",
                        "updatedDate": "2024-07-26T04:16:23.000+00:00",
                        "id": 27,
                        "fieldName": "permanentAddressState",
                        "fieldValue": "AP",
                        "formFieldId": 25,
                        "candidateId": 8,
                        "isDisabled": false,
                        "isMandatory": null
                    }
                ]
            },
            {
                "formFieldId": 26,
                "fieldName": "Area Code",
                "fieldId": "permanentAddressAreaCode",
                "fieldSequence": 6,
                "fieldTypeId": 1,
                "fieldTypeName": "TEXT BOX",
                "isMandatory": true,
                "maximumValue": 6,
                "minimumValue": 6,
                "isDisabled": false,
                "formFieldOptionMapping": [],
                "formFieldValuesDTOList": [
                    {
                        "createdBy": "Dijisha",
                        "createdDate": "2024-07-26T04:16:23.000+00:00",
                        "updatedBy": "Dijisha",
                        "updatedDate": "2024-07-26T04:16:23.000+00:00",
                        "id": 28,
                        "fieldName": "permanentAddressAreaCode",
                        "fieldValue": "888888",
                        "formFieldId": 26,
                        "candidateId": 8,
                        "isDisabled": false,
                        "isMandatory": null
                    }
                ]
            },
            {
                "formFieldId": 27,
                "fieldName": "Country",
                "fieldId": "permanentAddressCountry",
                "fieldSequence": 7,
                "fieldTypeId": 1,
                "fieldTypeName": "TEXT BOX",
                "isMandatory": true,
                "maximumValue": 80,
                "minimumValue": 1,
                "isDisabled": false,
                "formFieldOptionMapping": [],
                "formFieldValuesDTOList": [
                    {
                        "createdBy": "Dijisha",
                        "createdDate": "2024-07-26T04:16:23.000+00:00",
                        "updatedBy": "Dijisha",
                        "updatedDate": "2024-07-26T04:16:23.000+00:00",
                        "id": 29,
                        "fieldName": "permanentAddressCountry",
                        "fieldValue": "Algeria",
                        "formFieldId": 27,
                        "candidateId": 8,
                        "isDisabled": false,
                        "isMandatory": null
                    }
                ]
            }
        ]
    }
]