[
    {
        "formName": "Employee Joining Report",
        "sectionName": "Personal Details",
        "formSectionId": 4,
        "sectionSequence": 1,
        "formFieldValueMapping": [
            {
                "formFieldId": 28,
                "fieldName": "First Name",
                "fieldId": "firstName",
                "fieldSequence": 1,
                "fieldTypeId": 1,
                "fieldTypeName": "TEXT BOX",
                "isMandatory": true,
                "maximumValue": 50,
                "minimumValue": 8,
                "isDisabled": true,
                "formFieldOptionMapping": [],
                "formFieldValuesDTOList": [
                    {
                        "createdBy": "Dijisha",
                        "createdDate": "2024-07-26T04:26:09.000+00:00",
                        "updatedBy": "Dijisha",
                        "updatedDate": "2024-07-26T04:26:29.000+00:00",
                        "id": 30,
                        "fieldName": "firstName",
                        "fieldValue": "Dijisha",
                        "formFieldId": 28,
                        "candidateId": 8,
                        "isDisabled": true,
                        "isMandatory": null
                    }
                ]
            },
            {
                "formFieldId": 29,
                "fieldName": "Middle Name",
                "fieldId": "middleName",
                "fieldSequence": 2,
                "fieldTypeId": 1,
                "fieldTypeName": "TEXT BOX",
                "isMandatory": false,
                "maximumValue": 50,
                "minimumValue": 8,
                "isDisabled": true,
                "formFieldOptionMapping": [],
                "formFieldValuesDTOList": [
                    {
                        "createdBy": "Dijisha",
                        "createdDate": "2024-07-26T04:26:09.000+00:00",
                        "updatedBy": "Dijisha",
                        "updatedDate": "2024-07-26T04:26:29.000+00:00",
                        "id": 31,
                        "fieldName": "middleName",
                        "fieldValue": "Naidu",
                        "formFieldId": 29,
                        "candidateId": 8,
                        "isDisabled": true,
                        "isMandatory": null
                    }
                ]
            },
            {
                "formFieldId": 30,
                "fieldName": "Last Name",
                "fieldId": "lastName",
                "fieldSequence": 3,
                "fieldTypeId": 1,
                "fieldTypeName": "TEXT BOX",
                "isMandatory": true,
                "maximumValue": 50,
                "minimumValue": 8,
                "isDisabled": true,
                "formFieldOptionMapping": [],
                "formFieldValuesDTOList": [
                    {
                        "createdBy": "Dijisha",
                        "createdDate": "2024-07-26T04:26:09.000+00:00",
                        "updatedBy": "Dijisha",
                        "updatedDate": "2024-07-26T04:26:29.000+00:00",
                        "id": 32,
                        "fieldName": "lastName",
                        "fieldValue": "Pawar",
                        "formFieldId": 30,
                        "candidateId": 8,
                        "isDisabled": true,
                        "isMandatory": null
                    }
                ]
            },
            {
                "formFieldId": 31,
                "fieldName": "Date Of Birth",
                "fieldId": "dateOfBirth",
                "fieldSequence": 4,
                "fieldTypeId": 3,
                "fieldTypeName": "DATE",
                "isMandatory": true,
                "maximumValue": null,
                "minimumValue": null,
                "isDisabled": true,
                "formFieldOptionMapping": [],
                "formFieldValuesDTOList": [
                    {
                        "createdBy": "Dijisha",
                        "createdDate": "2024-07-26T04:26:09.000+00:00",
                        "updatedBy": "Dijisha",
                        "updatedDate": "2024-07-26T04:26:29.000+00:00",
                        "id": 33,
                        "fieldName": "dateOfBirth",
                        "fieldValue": "2003-10-08",
                        "formFieldId": 31,
                        "candidateId": 8,
                        "isDisabled": true,
                        "isMandatory": null
                    }
                ]
            },
            {
                "formFieldId": 32,
                "fieldName": "Sex",
                "fieldId": "sex",
                "fieldSequence": 5,
                "fieldTypeId": 5,
                "fieldTypeName": "DROPDOWN",
                "isMandatory": true,
                "maximumValue": null,
                "minimumValue": null,
                "isDisabled": true,
                "formFieldOptionMapping": [
                    {
                        "id": 9,
                        "optionName": "Male"
                    },
                    {
                        "id": 10,
                        "optionName": "Female"
                    },
                    {
                        "id": 11,
                        "optionName": "Trans Gender"
                    }
                ],
                "formFieldValuesDTOList": [
                    {
                        "createdBy": "Dijisha",
                        "createdDate": "2024-07-26T04:26:09.000+00:00",
                        "updatedBy": "Dijisha",
                        "updatedDate": "2024-07-26T04:26:29.000+00:00",
                        "id": 34,
                        "fieldName": "sex",
                        "fieldValue": "Female",
                        "formFieldId": 32,
                        "candidateId": 8,
                        "isDisabled": true,
                        "isMandatory": null
                    }
                ]
            },
            {
                "formFieldId": 34,
                "fieldName": "Aadhaar No",
                "fieldId": "aadhaarNo",
                "fieldSequence": 6,
                "fieldTypeId": 1,
                "fieldTypeName": "TEXT BOX",
                "isMandatory": true,
                "maximumValue": 12,
                "minimumValue": 12,
                "isDisabled": true,
                "formFieldOptionMapping": [],
                "formFieldValuesDTOList": [
                    {
                        "createdBy": "Dijisha",
                        "createdDate": "2024-07-26T04:26:09.000+00:00",
                        "updatedBy": "Dijisha",
                        "updatedDate": "2024-07-26T04:26:29.000+00:00",
                        "id": 35,
                        "fieldName": "aadhaarNo",
                        "fieldValue": "989876765454",
                        "formFieldId": 34,
                        "candidateId": 8,
                        "isDisabled": true,
                        "isMandatory": null
                    }
                ]
            },
            {
                "formFieldId": 35,
                "fieldName": "PAN NO",
                "fieldId": "panNo",
                "fieldSequence": 7,
                "fieldTypeId": 1,
                "fieldTypeName": "TEXT BOX",
                "isMandatory": true,
                "maximumValue": 10,
                "minimumValue": 10,
                "isDisabled": true,
                "formFieldOptionMapping": [],
                "formFieldValuesDTOList": [
                    {
                        "createdBy": "Dijisha",
                        "createdDate": "2024-07-26T04:26:09.000+00:00",
                        "updatedBy": "Dijisha",
                        "updatedDate": "2024-07-26T04:26:29.000+00:00",
                        "id": 36,
                        "fieldName": "panNo",
                        "fieldValue": "HYDEW9876N",
                        "formFieldId": 35,
                        "candidateId": 8,
                        "isDisabled": true,
                        "isMandatory": null
                    }
                ]
            },
            {
                "formFieldId": 36,
                "fieldName": "Mobile No",
                "fieldId": "mobileNo",
                "fieldSequence": 8,
                "fieldTypeId": 1,
                "fieldTypeName": "TEXT BOX",
                "isMandatory": true,
                "maximumValue": 10,
                "minimumValue": 10,
                "isDisabled": true,
                "formFieldOptionMapping": [],
                "formFieldValuesDTOList": [
                    {
                        "createdBy": "Dijisha",
                        "createdDate": "2024-07-26T04:26:09.000+00:00",
                        "updatedBy": "Dijisha",
                        "updatedDate": "2024-07-26T04:26:29.000+00:00",
                        "id": 37,
                        "fieldName": "mobileNo",
                        "fieldValue": "9848387724",
                        "formFieldId": 36,
                        "candidateId": 8,
                        "isDisabled": true,
                        "isMandatory": null
                    }
                ]
            },
            {
                "formFieldId": 37,
                "fieldName": "Email",
                "fieldId": "email",
                "fieldSequence": 9,
                "fieldTypeId": 2,
                "fieldTypeName": "EMAIL",
                "isMandatory": true,
                "maximumValue": 50,
                "minimumValue": 8,
                "isDisabled": true,
                "formFieldOptionMapping": [],
                "formFieldValuesDTOList": [
                    {
                        "createdBy": "Dijisha",
                        "createdDate": "2024-07-26T04:26:09.000+00:00",
                        "updatedBy": "Dijisha",
                        "updatedDate": "2024-07-26T04:26:29.000+00:00",
                        "id": 38,
                        "fieldName": "email",
                        "fieldValue": "dijisha777@gmail.com",
                        "formFieldId": 37,
                        "candidateId": 8,
                        "isDisabled": true,
                        "isMandatory": null
                    }
                ]
            },
            {
                "formFieldId": 38,
                "fieldName": "Age",
                "fieldId": "age",
                "fieldSequence": 10,
                "fieldTypeId": 1,
                "fieldTypeName": "TEXT BOX",
                "isMandatory": true,
                "maximumValue": 50,
                "minimumValue": 8,
                "isDisabled": true,
                "formFieldOptionMapping": [],
                "formFieldValuesDTOList": [
                    {
                        "createdBy": "Dijisha",
                        "createdDate": "2024-07-26T04:26:09.000+00:00",
                        "updatedBy": "Dijisha",
                        "updatedDate": "2024-07-26T04:26:29.000+00:00",
                        "id": 39,
                        "fieldName": "age",
                        "fieldValue": "23",
                        "formFieldId": 38,
                        "candidateId": 8,
                        "isDisabled": true,
                        "isMandatory": null
                    }
                ]
            },
            {
                "formFieldId": 39,
                "fieldName": "Nationality",
                "fieldId": "nationality",
                "fieldSequence": 11,
                "fieldTypeId": 1,
                "fieldTypeName": "TEXT BOX",
                "isMandatory": false,
                "maximumValue": 50,
                "minimumValue": 8,
                "isDisabled": true,
                "formFieldOptionMapping": [],
                "formFieldValuesDTOList": [
                    {
                        "createdBy": "Dijisha",
                        "createdDate": "2024-07-26T04:26:09.000+00:00",
                        "updatedBy": "Dijisha",
                        "updatedDate": "2024-07-26T04:26:29.000+00:00",
                        "id": 40,
                        "fieldName": "nationality",
                        "fieldValue": "iui",
                        "formFieldId": 39,
                        "candidateId": 8,
                        "isDisabled": true,
                        "isMandatory": null
                    }
                ]
            },
            {
                "formFieldId": 40,
                "fieldName": "Domicile Of (STATE OF INDIA)",
                "fieldId": "domicileOf",
                "fieldSequence": 12,
                "fieldTypeId": 1,
                "fieldTypeName": "TEXT BOX",
                "isMandatory": true,
                "maximumValue": 50,
                "minimumValue": 8,
                "isDisabled": false,
                "formFieldOptionMapping": [],
                "formFieldValuesDTOList": [
                    {
                        "createdBy": "Dijisha",
                        "createdDate": "2024-07-26T04:26:09.000+00:00",
                        "updatedBy": "Dijisha",
                        "updatedDate": "2024-07-26T04:26:29.000+00:00",
                        "id": 41,
                        "fieldName": "domicileOf",
                        "fieldValue": "Indis",
                        "formFieldId": 40,
                        "candidateId": 8,
                        "isDisabled": false,
                        "isMandatory": null
                    }
                ]
            },
            {
                "formFieldId": 41,
                "fieldName": "Blood Group",
                "fieldId": "bloodGroup",
                "fieldSequence": 13,
                "fieldTypeId": 5,
                "fieldTypeName": "DROPDOWN",
                "isMandatory": true,
                "maximumValue": 50,
                "minimumValue": 8,
                "isDisabled": false,
                "formFieldOptionMapping": [
                    {
                        "id": 161,
                        "optionName": "A+"
                    },
                    {
                        "id": 162,
                        "optionName": "A-"
                    },
                    {
                        "id": 163,
                        "optionName": "B+"
                    },
                    {
                        "id": 164,
                        "optionName": "B-"
                    },
                    {
                        "id": 165,
                        "optionName": "O+"
                    },
                    {
                        "id": 166,
                        "optionName": "O-"
                    },
                    {
                        "id": 167,
                        "optionName": "AB+"
                    },
                    {
                        "id": 168,
                        "optionName": "AB-"
                    }
                ],
                "formFieldValuesDTOList": [
                    {
                        "createdBy": "Dijisha",
                        "createdDate": "2024-07-26T04:26:09.000+00:00",
                        "updatedBy": "Dijisha",
                        "updatedDate": "2024-07-26T04:26:29.000+00:00",
                        "id": 42,
                        "fieldName": "bloodGroup",
                        "fieldValue": "A+",
                        "formFieldId": 41,
                        "candidateId": 8,
                        "isDisabled": false,
                        "isMandatory": null
                    }
                ]
            },
            {
                "formFieldId": 43,
                "fieldName": "Date Of Joining",
                "fieldId": "dateOfJoining",
                "fieldSequence": 14,
                "fieldTypeId": 3,
                "fieldTypeName": "DATE",
                "isMandatory": true,
                "maximumValue": null,
                "minimumValue": null,
                "isDisabled": true,
                "formFieldOptionMapping": [],
                "formFieldValuesDTOList": [
                    {
                        "createdBy": "Dijisha",
                        "createdDate": "2024-07-26T04:26:09.000+00:00",
                        "updatedBy": "Dijisha",
                        "updatedDate": "2024-07-26T04:26:29.000+00:00",
                        "id": 43,
                        "fieldName": "dateOfJoining",
                        "fieldValue": "2024-05-03 00:00:00.0",
                        "formFieldId": 43,
                        "candidateId": 8,
                        "isDisabled": true,
                        "isMandatory": null
                    }
                ]
            }
        ]
    },
    {
        "formName": "Employee Joining Report",
        "sectionName": "Current Address",
        "formSectionId": 5,
        "sectionSequence": 2,
        "formFieldValueMapping": [
            {
                "formFieldId": 51,
                "fieldName": "Line-1",
                "fieldId": "permanentAddressLine-1",
                "fieldSequence": 1,
                "fieldTypeId": 1,
                "fieldTypeName": "TEXT BOX",
                "isMandatory": true,
                "maximumValue": 50,
                "minimumValue": 8,
                "isDisabled": true,
                "formFieldOptionMapping": [],
                "formFieldValuesDTOList": [
                    {
                        "createdBy": "Dijisha",
                        "createdDate": "2024-07-26T04:26:09.000+00:00",
                        "updatedBy": "Dijisha",
                        "updatedDate": "2024-07-26T04:26:29.000+00:00",
                        "id": 44,
                        "fieldName": "permanentAddressLine-1",
                        "fieldValue": "s",
                        "formFieldId": 51,
                        "candidateId": 8,
                        "isDisabled": true,
                        "isMandatory": null
                    }
                ]
            },
            {
                "formFieldId": 52,
                "fieldName": "Line-2",
                "fieldId": "permanentAddressLine-2",
                "fieldSequence": 2,
                "fieldTypeId": 1,
                "fieldTypeName": "TEXT BOX",
                "isMandatory": true,
                "maximumValue": 50,
                "minimumValue": 8,
                "isDisabled": true,
                "formFieldOptionMapping": [],
                "formFieldValuesDTOList": [
                    {
                        "createdBy": "Dijisha",
                        "createdDate": "2024-07-26T04:26:09.000+00:00",
                        "updatedBy": "Dijisha",
                        "updatedDate": "2024-07-26T04:26:29.000+00:00",
                        "id": 45,
                        "fieldName": "permanentAddressLine-2",
                        "fieldValue": "f",
                        "formFieldId": 52,
                        "candidateId": 8,
                        "isDisabled": true,
                        "isMandatory": null
                    }
                ]
            },
            {
                "formFieldId": 53,
                "fieldName": "Area",
                "fieldId": "permanentAddressArea",
                "fieldSequence": 3,
                "fieldTypeId": 1,
                "fieldTypeName": "TEXT BOX",
                "isMandatory": true,
                "maximumValue": 50,
                "minimumValue": 8,
                "isDisabled": true,
                "formFieldOptionMapping": [],
                "formFieldValuesDTOList": [
                    {
                        "createdBy": "Dijisha",
                        "createdDate": "2024-07-26T04:26:09.000+00:00",
                        "updatedBy": "Dijisha",
                        "updatedDate": "2024-07-26T04:26:29.000+00:00",
                        "id": 46,
                        "fieldName": "permanentAddressArea",
                        "fieldValue": "a",
                        "formFieldId": 53,
                        "candidateId": 8,
                        "isDisabled": true,
                        "isMandatory": null
                    }
                ]
            },
            {
                "formFieldId": 54,
                "fieldName": "City",
                "fieldId": "permanentAddressCity",
                "fieldSequence": 4,
                "fieldTypeId": 1,
                "fieldTypeName": "TEXT BOX",
                "isMandatory": true,
                "maximumValue": 50,
                "minimumValue": 8,
                "isDisabled": true,
                "formFieldOptionMapping": [],
                "formFieldValuesDTOList": [
                    {
                        "createdBy": "Dijisha",
                        "createdDate": "2024-07-26T04:26:09.000+00:00",
                        "updatedBy": "Dijisha",
                        "updatedDate": "2024-07-26T04:26:29.000+00:00",
                        "id": 47,
                        "fieldName": "permanentAddressCity",
                        "fieldValue": "d",
                        "formFieldId": 54,
                        "candidateId": 8,
                        "isDisabled": true,
                        "isMandatory": null
                    }
                ]
            },
            {
                "formFieldId": 55,
                "fieldName": "State",
                "fieldId": "permanentAddressState",
                "fieldSequence": 5,
                "fieldTypeId": 1,
                "fieldTypeName": "TEXT BOX",
                "isMandatory": true,
                "maximumValue": 50,
                "minimumValue": 8,
                "isDisabled": true,
                "formFieldOptionMapping": [],
                "formFieldValuesDTOList": [
                    {
                        "createdBy": "Dijisha",
                        "createdDate": "2024-07-26T04:26:09.000+00:00",
                        "updatedBy": "Dijisha",
                        "updatedDate": "2024-07-26T04:26:29.000+00:00",
                        "id": 48,
                        "fieldName": "permanentAddressState",
                        "fieldValue": "AP",
                        "formFieldId": 55,
                        "candidateId": 8,
                        "isDisabled": true,
                        "isMandatory": null
                    }
                ]
            },
            {
                "formFieldId": 56,
                "fieldName": "Area Code",
                "fieldId": "permanentAddressAreaCode",
                "fieldSequence": 6,
                "fieldTypeId": 1,
                "fieldTypeName": "TEXT BOX",
                "isMandatory": true,
                "maximumValue": 6,
                "minimumValue": 6,
                "isDisabled": true,
                "formFieldOptionMapping": [],
                "formFieldValuesDTOList": [
                    {
                        "createdBy": "Dijisha",
                        "createdDate": "2024-07-26T04:26:09.000+00:00",
                        "updatedBy": "Dijisha",
                        "updatedDate": "2024-07-26T04:26:29.000+00:00",
                        "id": 49,
                        "fieldName": "permanentAddressAreaCode",
                        "fieldValue": "888888",
                        "formFieldId": 56,
                        "candidateId": 8,
                        "isDisabled": true,
                        "isMandatory": null
                    }
                ]
            },
            {
                "formFieldId": 57,
                "fieldName": "Country",
                "fieldId": "permanentAddressCountry",
                "fieldSequence": 7,
                "fieldTypeId": 1,
                "fieldTypeName": "TEXT BOX",
                "isMandatory": true,
                "maximumValue": 50,
                "minimumValue": 8,
                "isDisabled": true,
                "formFieldOptionMapping": [],
                "formFieldValuesDTOList": [
                    {
                        "createdBy": "Dijisha",
                        "createdDate": "2024-07-26T04:26:09.000+00:00",
                        "updatedBy": "Dijisha",
                        "updatedDate": "2024-07-26T04:26:29.000+00:00",
                        "id": 50,
                        "fieldName": "permanentAddressCountry",
                        "fieldValue": "Algeria",
                        "formFieldId": 57,
                        "candidateId": 8,
                        "isDisabled": true,
                        "isMandatory": null
                    }
                ]
            }
        ]
    },
    {
        "formName": "Employee Joining Report",
        "sectionName": "Permanent Address",
        "formSectionId": 6,
        "sectionSequence": 3,
        "formFieldValueMapping": [
            {
                "formFieldId": 44,
                "fieldName": "Line-1",
                "fieldId": "currentAddressLine-1",
                "fieldSequence": 1,
                "fieldTypeId": 1,
                "fieldTypeName": "TEXT BOX",
                "isMandatory": true,
                "maximumValue": 50,
                "minimumValue": 8,
                "isDisabled": true,
                "formFieldOptionMapping": [],
                "formFieldValuesDTOList": [
                    {
                        "createdBy": "Dijisha",
                        "createdDate": "2024-07-26T04:26:09.000+00:00",
                        "updatedBy": "Dijisha",
                        "updatedDate": "2024-07-26T04:26:29.000+00:00",
                        "id": 51,
                        "fieldName": "currentAddressLine-1",
                        "fieldValue": "s",
                        "formFieldId": 44,
                        "candidateId": 8,
                        "isDisabled": true,
                        "isMandatory": null
                    }
                ]
            },
            {
                "formFieldId": 45,
                "fieldName": "Line-2",
                "fieldId": "currentAddressLine-2",
                "fieldSequence": 2,
                "fieldTypeId": 1,
                "fieldTypeName": "TEXT BOX",
                "isMandatory": true,
                "maximumValue": 50,
                "minimumValue": 8,
                "isDisabled": true,
                "formFieldOptionMapping": [],
                "formFieldValuesDTOList": [
                    {
                        "createdBy": "Dijisha",
                        "createdDate": "2024-07-26T04:26:09.000+00:00",
                        "updatedBy": "Dijisha",
                        "updatedDate": "2024-07-26T04:26:29.000+00:00",
                        "id": 52,
                        "fieldName": "currentAddressLine-2",
                        "fieldValue": "s",
                        "formFieldId": 45,
                        "candidateId": 8,
                        "isDisabled": true,
                        "isMandatory": null
                    }
                ]
            },
            {
                "formFieldId": 46,
                "fieldName": "City",
                "fieldId": "currentAddressCity",
                "fieldSequence": 3,
                "fieldTypeId": 1,
                "fieldTypeName": "TEXT BOX",
                "isMandatory": true,
                "maximumValue": 50,
                "minimumValue": 8,
                "isDisabled": true,
                "formFieldOptionMapping": [],
                "formFieldValuesDTOList": [
                    {
                        "createdBy": "Dijisha",
                        "createdDate": "2024-07-26T04:26:09.000+00:00",
                        "updatedBy": "Dijisha",
                        "updatedDate": "2024-07-26T04:26:29.000+00:00",
                        "id": 53,
                        "fieldName": "currentAddressCity",
                        "fieldValue": "s",
                        "formFieldId": 46,
                        "candidateId": 8,
                        "isDisabled": true,
                        "isMandatory": null
                    }
                ]
            },
            {
                "formFieldId": 47,
                "fieldName": "Area",
                "fieldId": "currentAddressArea",
                "fieldSequence": 4,
                "fieldTypeId": 1,
                "fieldTypeName": "TEXT BOX",
                "isMandatory": true,
                "maximumValue": 50,
                "minimumValue": 8,
                "isDisabled": true,
                "formFieldOptionMapping": [],
                "formFieldValuesDTOList": [
                    {
                        "createdBy": "Dijisha",
                        "createdDate": "2024-07-26T04:26:09.000+00:00",
                        "updatedBy": "Dijisha",
                        "updatedDate": "2024-07-26T04:26:29.000+00:00",
                        "id": 54,
                        "fieldName": "currentAddressArea",
                        "fieldValue": "s",
                        "formFieldId": 47,
                        "candidateId": 8,
                        "isDisabled": true,
                        "isMandatory": null
                    }
                ]
            },
            {
                "formFieldId": 48,
                "fieldName": "State",
                "fieldId": "currentAddressState",
                "fieldSequence": 5,
                "fieldTypeId": 1,
                "fieldTypeName": "TEXT BOX",
                "isMandatory": true,
                "maximumValue": 50,
                "minimumValue": 8,
                "isDisabled": true,
                "formFieldOptionMapping": [],
                "formFieldValuesDTOList": [
                    {
                        "createdBy": "Dijisha",
                        "createdDate": "2024-07-26T04:26:09.000+00:00",
                        "updatedBy": "Dijisha",
                        "updatedDate": "2024-07-26T04:26:29.000+00:00",
                        "id": 55,
                        "fieldName": "currentAddressState",
                        "fieldValue": "AP",
                        "formFieldId": 48,
                        "candidateId": 8,
                        "isDisabled": true,
                        "isMandatory": null
                    }
                ]
            },
            {
                "formFieldId": 49,
                "fieldName": "Area Code",
                "fieldId": "currentAddressAreaCode",
                "fieldSequence": 6,
                "fieldTypeId": 1,
                "fieldTypeName": "TEXT BOX",
                "isMandatory": true,
                "maximumValue": 6,
                "minimumValue": 6,
                "isDisabled": true,
                "formFieldOptionMapping": [],
                "formFieldValuesDTOList": [
                    {
                        "createdBy": "Dijisha",
                        "createdDate": "2024-07-26T04:26:09.000+00:00",
                        "updatedBy": "Dijisha",
                        "updatedDate": "2024-07-26T04:26:29.000+00:00",
                        "id": 56,
                        "fieldName": "currentAddressAreaCode",
                        "fieldValue": "455555",
                        "formFieldId": 49,
                        "candidateId": 8,
                        "isDisabled": true,
                        "isMandatory": null
                    }
                ]
            },
            {
                "formFieldId": 50,
                "fieldName": "Country",
                "fieldId": "currentAddressCountry",
                "fieldSequence": 7,
                "fieldTypeId": 1,
                "fieldTypeName": "TEXT BOX",
                "isMandatory": true,
                "maximumValue": 50,
                "minimumValue": 8,
                "isDisabled": true,
                "formFieldOptionMapping": [],
                "formFieldValuesDTOList": [
                    {
                        "createdBy": "Dijisha",
                        "createdDate": "2024-07-26T04:26:09.000+00:00",
                        "updatedBy": "Dijisha",
                        "updatedDate": "2024-07-26T04:26:29.000+00:00",
                        "id": 57,
                        "fieldName": "currentAddressCountry",
                        "fieldValue": "American Samoa",
                        "formFieldId": 50,
                        "candidateId": 8,
                        "isDisabled": true,
                        "isMandatory": null
                    }
                ]
            }
        ]
    },
    {
        "formName": "Employee Joining Report",
        "sectionName": "Birth Place Details",
        "formSectionId": 7,
        "sectionSequence": 4,
        "formFieldValueMapping": [
            {
                "formFieldId": 58,
                "fieldName": "Place Of Birth",
                "fieldId": "placeOfBirth",
                "fieldSequence": 1,
                "fieldTypeId": 1,
                "fieldTypeName": "TEXT BOX",
                "isMandatory": true,
                "maximumValue": 50,
                "minimumValue": 8,
                "isDisabled": false,
                "formFieldOptionMapping": [],
                "formFieldValuesDTOList": [
                    {
                        "createdBy": "Dijisha",
                        "createdDate": "2024-07-26T04:26:09.000+00:00",
                        "updatedBy": "Dijisha",
                        "updatedDate": "2024-07-26T04:26:29.000+00:00",
                        "id": 58,
                        "fieldName": "placeOfBirth",
                        "fieldValue": "Anj",
                        "formFieldId": 58,
                        "candidateId": 8,
                        "isDisabled": false,
                        "isMandatory": null
                    }
                ]
            },
            {
                "formFieldId": 59,
                "fieldName": "City",
                "fieldId": "birthPlaceDetailsCity",
                "fieldSequence": 2,
                "fieldTypeId": 1,
                "fieldTypeName": "TEXT BOX",
                "isMandatory": true,
                "maximumValue": 50,
                "minimumValue": 8,
                "isDisabled": false,
                "formFieldOptionMapping": [],
                "formFieldValuesDTOList": [
                    {
                        "createdBy": "Dijisha",
                        "createdDate": "2024-07-26T04:26:09.000+00:00",
                        "updatedBy": "Dijisha",
                        "updatedDate": "2024-07-26T04:26:29.000+00:00",
                        "id": 59,
                        "fieldName": "birthPlaceDetailsCity",
                        "fieldValue": "jh",
                        "formFieldId": 59,
                        "candidateId": 8,
                        "isDisabled": false,
                        "isMandatory": null
                    }
                ]
            },
            {
                "formFieldId": 60,
                "fieldName": "Country",
                "fieldId": "birthPlaceDetailsCountry",
                "fieldSequence": 3,
                "fieldTypeId": 1,
                "fieldTypeName": "TEXT BOX",
                "isMandatory": true,
                "maximumValue": 50,
                "minimumValue": 8,
                "isDisabled": false,
                "formFieldOptionMapping": [],
                "formFieldValuesDTOList": [
                    {
                        "createdBy": "Dijisha",
                        "createdDate": "2024-07-26T04:26:09.000+00:00",
                        "updatedBy": "Dijisha",
                        "updatedDate": "2024-07-26T04:26:29.000+00:00",
                        "id": 60,
                        "fieldName": "birthPlaceDetailsCountry",
                        "fieldValue": "Åland Islands",
                        "formFieldId": 60,
                        "candidateId": 8,
                        "isDisabled": false,
                        "isMandatory": null
                    }
                ]
            }
        ]
    },
    {
        "formName": "Employee Joining Report",
        "sectionName": "Father",
        "formSectionId": 9,
        "sectionSequence": 6,
        "formFieldValueMapping": [
            {
                "formFieldId": 61,
                "fieldName": "Name",
                "fieldId": "fatherName",
                "fieldSequence": 1,
                "fieldTypeId": 1,
                "fieldTypeName": "TEXT BOX",
                "isMandatory": false,
                "maximumValue": 50,
                "minimumValue": 3,
                "isDisabled": true,
                "formFieldOptionMapping": [],
                "formFieldValuesDTOList": [
                    {
                        "createdBy": "Dijisha",
                        "createdDate": "2024-07-26T04:26:09.000+00:00",
                        "updatedBy": "Dijisha",
                        "updatedDate": "2024-07-26T04:26:29.000+00:00",
                        "id": 61,
                        "fieldName": "fatherName",
                        "fieldValue": "ANurag",
                        "formFieldId": 61,
                        "candidateId": 8,
                        "isDisabled": true,
                        "isMandatory": null
                    }
                ]
            },
            {
                "formFieldId": 62,
                "fieldName": "Occupation",
                "fieldId": "fatherOccupation",
                "fieldSequence": 2,
                "fieldTypeId": 1,
                "fieldTypeName": "TEXT BOX",
                "isMandatory": true,
                "maximumValue": 50,
                "minimumValue": 3,
                "isDisabled": false,
                "formFieldOptionMapping": [],
                "formFieldValuesDTOList": [
                    {
                        "createdBy": "Dijisha",
                        "createdDate": "2024-07-26T04:26:09.000+00:00",
                        "updatedBy": "Dijisha",
                        "updatedDate": "2024-07-26T04:26:29.000+00:00",
                        "id": 62,
                        "fieldName": "fatherOccupation",
                        "fieldValue": "jkvh",
                        "formFieldId": 62,
                        "candidateId": 8,
                        "isDisabled": false,
                        "isMandatory": null
                    }
                ]
            },
            {
                "formFieldId": 63,
                "fieldName": "Date Of Birth",
                "fieldId": "fatherDateOfBirth",
                "fieldSequence": 3,
                "fieldTypeId": 3,
                "fieldTypeName": "DATE",
                "isMandatory": true,
                "maximumValue": 50,
                "minimumValue": 8,
                "isDisabled": false,
                "formFieldOptionMapping": [],
                "formFieldValuesDTOList": [
                    {
                        "createdBy": "Dijisha",
                        "createdDate": "2024-07-26T04:26:09.000+00:00",
                        "updatedBy": "Dijisha",
                        "updatedDate": "2024-07-26T04:26:29.000+00:00",
                        "id": 63,
                        "fieldName": "fatherDateOfBirth",
                        "fieldValue": "2024-07-22",
                        "formFieldId": 63,
                        "candidateId": 8,
                        "isDisabled": false,
                        "isMandatory": null
                    }
                ]
            }
        ]
    },
    {
        "formName": "Employee Joining Report",
        "sectionName": "Mother",
        "formSectionId": 10,
        "sectionSequence": 7,
        "formFieldValueMapping": [
            {
                "formFieldId": 64,
                "fieldName": "Name",
                "fieldId": "motherName",
                "fieldSequence": 1,
                "fieldTypeId": 1,
                "fieldTypeName": "TEXT BOX",
                "isMandatory": true,
                "maximumValue": 50,
                "minimumValue": 3,
                "isDisabled": false,
                "formFieldOptionMapping": [],
                "formFieldValuesDTOList": [
                    {
                        "createdBy": "Dijisha",
                        "createdDate": "2024-07-26T04:26:09.000+00:00",
                        "updatedBy": "Dijisha",
                        "updatedDate": "2024-07-26T04:26:29.000+00:00",
                        "id": 64,
                        "fieldName": "motherName",
                        "fieldValue": "Janvifh",
                        "formFieldId": 64,
                        "candidateId": 8,
                        "isDisabled": false,
                        "isMandatory": null
                    }
                ]
            },
            {
                "formFieldId": 65,
                "fieldName": "Occupation",
                "fieldId": "motherOccupation",
                "fieldSequence": 2,
                "fieldTypeId": 1,
                "fieldTypeName": "TEXT BOX",
                "isMandatory": true,
                "maximumValue": 50,
                "minimumValue": 3,
                "isDisabled": false,
                "formFieldOptionMapping": [],
                "formFieldValuesDTOList": [
                    {
                        "createdBy": "Dijisha",
                        "createdDate": "2024-07-26T04:26:09.000+00:00",
                        "updatedBy": "Dijisha",
                        "updatedDate": "2024-07-26T04:26:29.000+00:00",
                        "id": 65,
                        "fieldName": "motherOccupation",
                        "fieldValue": "kjk",
                        "formFieldId": 65,
                        "candidateId": 8,
                        "isDisabled": false,
                        "isMandatory": null
                    }
                ]
            },
            {
                "formFieldId": 66,
                "fieldName": "Date Of Birth",
                "fieldId": "motherDateOfBirth",
                "fieldSequence": 3,
                "fieldTypeId": 3,
                "fieldTypeName": "DATE",
                "isMandatory": true,
                "maximumValue": 50,
                "minimumValue": 8,
                "isDisabled": false,
                "formFieldOptionMapping": [],
                "formFieldValuesDTOList": [
                    {
                        "createdBy": "Dijisha",
                        "createdDate": "2024-07-26T04:26:09.000+00:00",
                        "updatedBy": "Dijisha",
                        "updatedDate": "2024-07-26T04:26:29.000+00:00",
                        "id": 66,
                        "fieldName": "motherDateOfBirth",
                        "fieldValue": "2024-08-01",
                        "formFieldId": 66,
                        "candidateId": 8,
                        "isDisabled": false,
                        "isMandatory": null
                    }
                ]
            }
        ]
    },
    {
        "formName": "Employee Joining Report",
        "sectionName": "Spouse",
        "formSectionId": 11,
        "sectionSequence": 8,
        "formFieldValueMapping": [
            {
                "formFieldId": 67,
                "fieldName": "Name",
                "fieldId": "spouseName",
                "fieldSequence": 1,
                "fieldTypeId": 1,
                "fieldTypeName": "TEXT BOX",
                "isMandatory": false,
                "maximumValue": 50,
                "minimumValue": 8,
                "isDisabled": false,
                "formFieldOptionMapping": [],
                "formFieldValuesDTOList": [
                    {
                        "createdBy": "Dijisha",
                        "createdDate": "2024-07-26T04:26:09.000+00:00",
                        "updatedBy": "Dijisha",
                        "updatedDate": "2024-07-26T04:26:29.000+00:00",
                        "id": 67,
                        "fieldName": "spouseName",
                        "fieldValue": null,
                        "formFieldId": 67,
                        "candidateId": 8,
                        "isDisabled": false,
                        "isMandatory": null
                    }
                ]
            },
            {
                "formFieldId": 68,
                "fieldName": "Occupation",
                "fieldId": "spouseOccupation",
                "fieldSequence": 2,
                "fieldTypeId": 1,
                "fieldTypeName": "TEXT BOX",
                "isMandatory": false,
                "maximumValue": 50,
                "minimumValue": 8,
                "isDisabled": false,
                "formFieldOptionMapping": [],
                "formFieldValuesDTOList": [
                    {
                        "createdBy": "Dijisha",
                        "createdDate": "2024-07-26T04:26:09.000+00:00",
                        "updatedBy": "Dijisha",
                        "updatedDate": "2024-07-26T04:26:29.000+00:00",
                        "id": 68,
                        "fieldName": "spouseOccupation",
                        "fieldValue": null,
                        "formFieldId": 68,
                        "candidateId": 8,
                        "isDisabled": false,
                        "isMandatory": null
                    }
                ]
            },
            {
                "formFieldId": 69,
                "fieldName": "Date Of Birth",
                "fieldId": "spouseDateOfBirth",
                "fieldSequence": 3,
                "fieldTypeId": 3,
                "fieldTypeName": "DATE",
                "isMandatory": false,
                "maximumValue": 50,
                "minimumValue": 8,
                "isDisabled": false,
                "formFieldOptionMapping": [],
                "formFieldValuesDTOList": [
                    {
                        "createdBy": "Dijisha",
                        "createdDate": "2024-07-26T04:26:09.000+00:00",
                        "updatedBy": "Dijisha",
                        "updatedDate": "2024-07-26T04:26:29.000+00:00",
                        "id": 69,
                        "fieldName": "spouseDateOfBirth",
                        "fieldValue": null,
                        "formFieldId": 69,
                        "candidateId": 8,
                        "isDisabled": false,
                        "isMandatory": null
                    }
                ]
            }
        ]
    },
    {
        "formName": "Employee Joining Report",
        "sectionName": "Child1",
        "formSectionId": 12,
        "sectionSequence": 9,
        "formFieldValueMapping": [
            {
                "formFieldId": 70,
                "fieldName": "Name",
                "fieldId": "child1Name",
                "fieldSequence": 1,
                "fieldTypeId": 1,
                "fieldTypeName": "TEXT BOX",
                "isMandatory": false,
                "maximumValue": 50,
                "minimumValue": 8,
                "isDisabled": false,
                "formFieldOptionMapping": [],
                "formFieldValuesDTOList": [
                    {
                        "createdBy": "Dijisha",
                        "createdDate": "2024-07-26T04:26:09.000+00:00",
                        "updatedBy": "Dijisha",
                        "updatedDate": "2024-07-26T04:26:29.000+00:00",
                        "id": 70,
                        "fieldName": "child1Name",
                        "fieldValue": null,
                        "formFieldId": 70,
                        "candidateId": 8,
                        "isDisabled": false,
                        "isMandatory": null
                    }
                ]
            },
            {
                "formFieldId": 71,
                "fieldName": "Occupation",
                "fieldId": "child1Occupation",
                "fieldSequence": 2,
                "fieldTypeId": 1,
                "fieldTypeName": "TEXT BOX",
                "isMandatory": false,
                "maximumValue": 50,
                "minimumValue": 8,
                "isDisabled": false,
                "formFieldOptionMapping": [],
                "formFieldValuesDTOList": [
                    {
                        "createdBy": "Dijisha",
                        "createdDate": "2024-07-26T04:26:09.000+00:00",
                        "updatedBy": "Dijisha",
                        "updatedDate": "2024-07-26T04:26:29.000+00:00",
                        "id": 71,
                        "fieldName": "child1Occupation",
                        "fieldValue": null,
                        "formFieldId": 71,
                        "candidateId": 8,
                        "isDisabled": false,
                        "isMandatory": null
                    }
                ]
            },
            {
                "formFieldId": 72,
                "fieldName": "Date Of Birth",
                "fieldId": "child1DateOfBirth",
                "fieldSequence": 3,
                "fieldTypeId": 3,
                "fieldTypeName": "DATE",
                "isMandatory": false,
                "maximumValue": 50,
                "minimumValue": 8,
                "isDisabled": false,
                "formFieldOptionMapping": [],
                "formFieldValuesDTOList": [
                    {
                        "createdBy": "Dijisha",
                        "createdDate": "2024-07-26T04:26:09.000+00:00",
                        "updatedBy": "Dijisha",
                        "updatedDate": "2024-07-26T04:26:29.000+00:00",
                        "id": 72,
                        "fieldName": "child1DateOfBirth",
                        "fieldValue": null,
                        "formFieldId": 72,
                        "candidateId": 8,
                        "isDisabled": false,
                        "isMandatory": null
                    }
                ]
            }
        ]
    },
    {
        "formName": "Employee Joining Report",
        "sectionName": "Child2",
        "formSectionId": 13,
        "sectionSequence": 10,
        "formFieldValueMapping": [
            {
                "formFieldId": 73,
                "fieldName": "Name",
                "fieldId": "child2Name",
                "fieldSequence": 1,
                "fieldTypeId": 1,
                "fieldTypeName": "TEXT BOX",
                "isMandatory": false,
                "maximumValue": 50,
                "minimumValue": 8,
                "isDisabled": false,
                "formFieldOptionMapping": [],
                "formFieldValuesDTOList": [
                    {
                        "createdBy": "Dijisha",
                        "createdDate": "2024-07-26T04:26:09.000+00:00",
                        "updatedBy": "Dijisha",
                        "updatedDate": "2024-07-26T04:26:29.000+00:00",
                        "id": 73,
                        "fieldName": "child2Name",
                        "fieldValue": null,
                        "formFieldId": 73,
                        "candidateId": 8,
                        "isDisabled": false,
                        "isMandatory": null
                    }
                ]
            },
            {
                "formFieldId": 74,
                "fieldName": "Occupation",
                "fieldId": "child2Occupation",
                "fieldSequence": 2,
                "fieldTypeId": 1,
                "fieldTypeName": "TEXT BOX",
                "isMandatory": false,
                "maximumValue": 50,
                "minimumValue": 8,
                "isDisabled": false,
                "formFieldOptionMapping": [],
                "formFieldValuesDTOList": [
                    {
                        "createdBy": "Dijisha",
                        "createdDate": "2024-07-26T04:26:09.000+00:00",
                        "updatedBy": "Dijisha",
                        "updatedDate": "2024-07-26T04:26:29.000+00:00",
                        "id": 74,
                        "fieldName": "child2Occupation",
                        "fieldValue": null,
                        "formFieldId": 74,
                        "candidateId": 8,
                        "isDisabled": false,
                        "isMandatory": null
                    }
                ]
            },
            {
                "formFieldId": 75,
                "fieldName": "Date Of Birth",
                "fieldId": "child2dDateOfBirth",
                "fieldSequence": 3,
                "fieldTypeId": 3,
                "fieldTypeName": "DATE",
                "isMandatory": false,
                "maximumValue": 50,
                "minimumValue": 8,
                "isDisabled": false,
                "formFieldOptionMapping": [],
                "formFieldValuesDTOList": [
                    {
                        "createdBy": "Dijisha",
                        "createdDate": "2024-07-26T04:26:09.000+00:00",
                        "updatedBy": "Dijisha",
                        "updatedDate": "2024-07-26T04:26:29.000+00:00",
                        "id": 75,
                        "fieldName": "child2dDateOfBirth",
                        "fieldValue": null,
                        "formFieldId": 75,
                        "candidateId": 8,
                        "isDisabled": false,
                        "isMandatory": null
                    }
                ]
            }
        ]
    },
    {
        "formName": "Employee Joining Report",
        "sectionName": "Hiring Section",
        "formSectionId": 14,
        "sectionSequence": 11,
        "formFieldValueMapping": [
            {
                "formFieldId": 76,
                "fieldName": "Hired By(Recruiter Name) ",
                "fieldId": "hiredBy",
                "fieldSequence": 1,
                "fieldTypeId": 1,
                "fieldTypeName": "TEXT BOX",
                "isMandatory": true,
                "maximumValue": 50,
                "minimumValue": 8,
                "isDisabled": false,
                "formFieldOptionMapping": [],
                "formFieldValuesDTOList": [
                    {
                        "createdBy": "Dijisha",
                        "createdDate": "2024-07-26T04:26:09.000+00:00",
                        "updatedBy": "Dijisha",
                        "updatedDate": "2024-07-26T04:26:29.000+00:00",
                        "id": 76,
                        "fieldName": "hiredBy",
                        "fieldValue": "Anurag",
                        "formFieldId": 76,
                        "candidateId": 8,
                        "isDisabled": false,
                        "isMandatory": null
                    }
                ]
            },
            {
                "formFieldId": 77,
                "fieldName": "Referred By",
                "fieldId": "referredBy",
                "fieldSequence": 2,
                "fieldTypeId": 1,
                "fieldTypeName": "TEXT BOX",
                "isMandatory": false,
                "maximumValue": 50,
                "minimumValue": 8,
                "isDisabled": false,
                "formFieldOptionMapping": [],
                "formFieldValuesDTOList": [
                    {
                        "createdBy": "Dijisha",
                        "createdDate": "2024-07-26T04:26:09.000+00:00",
                        "updatedBy": "Dijisha",
                        "updatedDate": "2024-07-26T04:26:29.000+00:00",
                        "id": 77,
                        "fieldName": "referredBy",
                        "fieldValue": null,
                        "formFieldId": 77,
                        "candidateId": 8,
                        "isDisabled": false,
                        "isMandatory": null
                    }
                ]
            }
        ]
    },
    {
        "formName": "Employee Joining Report",
        "sectionName": "Relations Working In Bilvantis",
        "formSectionId": 74,
        "sectionSequence": 12,
        "formFieldValueMapping": [
            {
                "formFieldId": 78,
                "fieldName": "Do You Have Any Relations Working In Bilvantis",
                "fieldId": "doYouHaveAnyRelationsWorkingInBilvantis",
                "fieldSequence": 1,
                "fieldTypeId": 4,
                "fieldTypeName": "RADIO",
                "isMandatory": true,
                "maximumValue": 3,
                "minimumValue": 2,
                "isDisabled": false,
                "formFieldOptionMapping": [
                    {
                        "id": 17,
                        "optionName": "Yes"
                    },
                    {
                        "id": 18,
                        "optionName": "No"
                    }
                ],
                "formFieldValuesDTOList": [
                    {
                        "createdBy": "Dijisha",
                        "createdDate": "2024-07-26T04:26:09.000+00:00",
                        "updatedBy": "Dijisha",
                        "updatedDate": "2024-07-26T04:26:29.000+00:00",
                        "id": 78,
                        "fieldName": "doYouHaveAnyRelationsWorkingInBilvantis",
                        "fieldValue": "No",
                        "formFieldId": 78,
                        "candidateId": 8,
                        "isDisabled": false,
                        "isMandatory": null
                    }
                ]
            },
            {
                "formFieldId": 80,
                "fieldName": "Full Name",
                "fieldId": "referredFullName",
                "fieldSequence": 2,
                "fieldTypeId": 1,
                "fieldTypeName": "TEXT BOX",
                "isMandatory": false,
                "maximumValue": 50,
                "minimumValue": 8,
                "isDisabled": false,
                "formFieldOptionMapping": [],
                "formFieldValuesDTOList": [
                    {
                        "createdBy": "Dijisha",
                        "createdDate": "2024-07-26T04:26:09.000+00:00",
                        "updatedBy": "Dijisha",
                        "updatedDate": "2024-07-26T04:26:29.000+00:00",
                        "id": 79,
                        "fieldName": "referredFullName",
                        "fieldValue": null,
                        "formFieldId": 80,
                        "candidateId": 8,
                        "isDisabled": false,
                        "isMandatory": null
                    }
                ]
            },
            {
                "formFieldId": 81,
                "fieldName": "Employee Id",
                "fieldId": "referredEmployeeId",
                "fieldSequence": 3,
                "fieldTypeId": 1,
                "fieldTypeName": "TEXT BOX",
                "isMandatory": false,
                "maximumValue": 50,
                "minimumValue": 8,
                "isDisabled": false,
                "formFieldOptionMapping": [],
                "formFieldValuesDTOList": [
                    {
                        "createdBy": "Dijisha",
                        "createdDate": "2024-07-26T04:26:09.000+00:00",
                        "updatedBy": "Dijisha",
                        "updatedDate": "2024-07-26T04:26:29.000+00:00",
                        "id": 80,
                        "fieldName": "referredEmployeeId",
                        "fieldValue": null,
                        "formFieldId": 81,
                        "candidateId": 8,
                        "isDisabled": false,
                        "isMandatory": null
                    }
                ]
            },
            {
                "formFieldId": 82,
                "fieldName": "Designation",
                "fieldId": "referredEmployeeTitle",
                "fieldSequence": 4,
                "fieldTypeId": 1,
                "fieldTypeName": "TEXT BOX",
                "isMandatory": false,
                "maximumValue": 50,
                "minimumValue": 8,
                "isDisabled": false,
                "formFieldOptionMapping": [],
                "formFieldValuesDTOList": [
                    {
                        "createdBy": "Dijisha",
                        "createdDate": "2024-07-26T04:26:09.000+00:00",
                        "updatedBy": "Dijisha",
                        "updatedDate": "2024-07-26T04:26:29.000+00:00",
                        "id": 81,
                        "fieldName": "referredEmployeeTitle",
                        "fieldValue": null,
                        "formFieldId": 82,
                        "candidateId": 8,
                        "isDisabled": false,
                        "isMandatory": null
                    }
                ]
            },
            {
                "formFieldId": 83,
                "fieldName": "Relationship",
                "fieldId": "referredEmployeeRelationship",
                "fieldSequence": 5,
                "fieldTypeId": 5,
                "fieldTypeName": "DROPDOWN",
                "isMandatory": false,
                "maximumValue": 50,
                "minimumValue": 8,
                "isDisabled": false,
                "formFieldOptionMapping": [
                    {
                        "id": 169,
                        "optionName": "Father"
                    },
                    {
                        "id": 170,
                        "optionName": "Mother"
                    },
                    {
                        "id": 171,
                        "optionName": "Spouse"
                    },
                    {
                        "id": 172,
                        "optionName": "Ward/Gaurdian"
                    },
                    {
                        "id": 173,
                        "optionName": "Friend"
                    },
                    {
                        "id": 189,
                        "optionName": "Brother"
                    },
                    {
                        "id": 190,
                        "optionName": "Sister"
                    }
                ],
                "formFieldValuesDTOList": [
                    {
                        "createdBy": "Dijisha",
                        "createdDate": "2024-07-26T04:26:09.000+00:00",
                        "updatedBy": "Dijisha",
                        "updatedDate": "2024-07-26T04:26:29.000+00:00",
                        "id": 82,
                        "fieldName": "referredEmployeeRelationship",
                        "fieldValue": null,
                        "formFieldId": 83,
                        "candidateId": 8,
                        "isDisabled": false,
                        "isMandatory": null
                    }
                ]
            }
        ]
    },
    {
        "formName": "Employee Joining Report",
        "sectionName": "Account Details",
        "formSectionId": 15,
        "sectionSequence": 13,
        "formFieldValueMapping": [
            {
                "formFieldId": 84,
                "fieldName": "Do you have existing ICICI Salary Account",
                "fieldId": "existingICICIAccountCheck",
                "fieldSequence": 1,
                "fieldTypeId": 4,
                "fieldTypeName": "RADIO",
                "isMandatory": true,
                "maximumValue": 3,
                "minimumValue": 2,
                "isDisabled": false,
                "formFieldOptionMapping": [
                    {
                        "id": 19,
                        "optionName": "Yes"
                    },
                    {
                        "id": 20,
                        "optionName": "No"
                    }
                ],
                "formFieldValuesDTOList": [
                    {
                        "createdBy": "Dijisha",
                        "createdDate": "2024-07-26T04:26:09.000+00:00",
                        "updatedBy": "Dijisha",
                        "updatedDate": "2024-07-26T04:26:29.000+00:00",
                        "id": 83,
                        "fieldName": "existingICICIAccountCheck",
                        "fieldValue": "No",
                        "formFieldId": 84,
                        "candidateId": 8,
                        "isDisabled": false,
                        "isMandatory": null
                    }
                ]
            },
            {
                "formFieldId": 85,
                "fieldName": "IFSC Code",
                "fieldId": "ifscCode",
                "fieldSequence": 2,
                "fieldTypeId": 1,
                "fieldTypeName": "TEXT BOX",
                "isMandatory": false,
                "maximumValue": 11,
                "minimumValue": 11,
                "isDisabled": false,
                "formFieldOptionMapping": [],
                "formFieldValuesDTOList": [
                    {
                        "createdBy": "Dijisha",
                        "createdDate": "2024-07-26T04:26:09.000+00:00",
                        "updatedBy": "Dijisha",
                        "updatedDate": "2024-07-26T04:26:29.000+00:00",
                        "id": 84,
                        "fieldName": "ifscCode",
                        "fieldValue": null,
                        "formFieldId": 85,
                        "candidateId": 8,
                        "isDisabled": false,
                        "isMandatory": null
                    }
                ]
            },
            {
                "formFieldId": 86,
                "fieldName": "Account Number",
                "fieldId": "accountNumber",
                "fieldSequence": 3,
                "fieldTypeId": 1,
                "fieldTypeName": "TEXT BOX",
                "isMandatory": false,
                "maximumValue": null,
                "minimumValue": null,
                "isDisabled": false,
                "formFieldOptionMapping": [],
                "formFieldValuesDTOList": [
                    {
                        "createdBy": "Dijisha",
                        "createdDate": "2024-07-26T04:26:09.000+00:00",
                        "updatedBy": "Dijisha",
                        "updatedDate": "2024-07-26T04:26:29.000+00:00",
                        "id": 85,
                        "fieldName": "accountNumber",
                        "fieldValue": null,
                        "formFieldId": 86,
                        "candidateId": 8,
                        "isDisabled": false,
                        "isMandatory": null
                    }
                ]
            }
        ]
    },
    {
        "formName": "Employee Joining Report",
        "sectionName": "Emergency Contact",
        "formSectionId": 16,
        "sectionSequence": 14,
        "formFieldValueMapping": [
            {
                "formFieldId": 95,
                "fieldName": "Name & Address",
                "fieldId": "emergencyName&Address",
                "fieldSequence": 1,
                "fieldTypeId": 1,
                "fieldTypeName": "TEXT BOX",
                "isMandatory": true,
                "maximumValue": 500,
                "minimumValue": 8,
                "isDisabled": false,
                "formFieldOptionMapping": [],
                "formFieldValuesDTOList": [
                    {
                        "createdBy": "Dijisha",
                        "createdDate": "2024-07-26T04:26:09.000+00:00",
                        "updatedBy": "Dijisha",
                        "updatedDate": "2024-07-26T04:26:29.000+00:00",
                        "id": 86,
                        "fieldName": "emergencyName&Address",
                        "fieldValue": "khjk",
                        "formFieldId": 95,
                        "candidateId": 8,
                        "isDisabled": false,
                        "isMandatory": null
                    }
                ]
            },
            {
                "formFieldId": 96,
                "fieldName": "Emergency Contact Number",
                "fieldId": "emergencyContactNo",
                "fieldSequence": 2,
                "fieldTypeId": 1,
                "fieldTypeName": "TEXT BOX",
                "isMandatory": true,
                "maximumValue": 10,
                "minimumValue": 10,
                "isDisabled": false,
                "formFieldOptionMapping": [],
                "formFieldValuesDTOList": [
                    {
                        "createdBy": "Dijisha",
                        "createdDate": "2024-07-26T04:26:09.000+00:00",
                        "updatedBy": "Dijisha",
                        "updatedDate": "2024-07-26T04:26:29.000+00:00",
                        "id": 87,
                        "fieldName": "emergencyContactNo",
                        "fieldValue": "7676767676",
                        "formFieldId": 96,
                        "candidateId": 8,
                        "isDisabled": false,
                        "isMandatory": null
                    }
                ]
            },
            {
                "formFieldId": 97,
                "fieldName": "Relationship",
                "fieldId": "emergencyRelationship",
                "fieldSequence": 3,
                "fieldTypeId": 5,
                "fieldTypeName": "DROPDOWN",
                "isMandatory": true,
                "maximumValue": 50,
                "minimumValue": 8,
                "isDisabled": false,
                "formFieldOptionMapping": [
                    {
                        "id": 184,
                        "optionName": "Father"
                    },
                    {
                        "id": 185,
                        "optionName": "Mother"
                    },
                    {
                        "id": 186,
                        "optionName": "Spouse"
                    },
                    {
                        "id": 187,
                        "optionName": "Ward/Gaurdian"
                    },
                    {
                        "id": 188,
                        "optionName": "Friend"
                    },
                    {
                        "id": 191,
                        "optionName": "Brother"
                    },
                    {
                        "id": 192,
                        "optionName": "Sister"
                    }
                ],
                "formFieldValuesDTOList": [
                    {
                        "createdBy": "Dijisha",
                        "createdDate": "2024-07-26T04:26:09.000+00:00",
                        "updatedBy": "Dijisha",
                        "updatedDate": "2024-07-26T04:26:29.000+00:00",
                        "id": 88,
                        "fieldName": "emergencyRelationship",
                        "fieldValue": "Father",
                        "formFieldId": 97,
                        "candidateId": 8,
                        "isDisabled": false,
                        "isMandatory": null
                    }
                ]
            }
        ]
    },
    {
        "formName": "Employee Joining Report",
        "sectionName": "Photocopies of Academic Excellence ",
        "formSectionId": 18,
        "sectionSequence": 16,
        "formFieldValueMapping": [
            {
                "formFieldId": 103,
                "fieldName": "SSC",
                "fieldId": "ssc",
                "fieldSequence": 1,
                "fieldTypeId": 4,
                "fieldTypeName": "RADIO",
                "isMandatory": true,
                "maximumValue": 3,
                "minimumValue": 2,
                "isDisabled": false,
                "formFieldOptionMapping": [
                    {
                        "id": 21,
                        "optionName": "Yes"
                    },
                    {
                        "id": 22,
                        "optionName": "No"
                    }
                ],
                "formFieldValuesDTOList": [
                    {
                        "createdBy": "Dijisha",
                        "createdDate": "2024-07-26T04:26:09.000+00:00",
                        "updatedBy": "Dijisha",
                        "updatedDate": "2024-07-26T04:26:29.000+00:00",
                        "id": 89,
                        "fieldName": "ssc",
                        "fieldValue": "No",
                        "formFieldId": 103,
                        "candidateId": 8,
                        "isDisabled": false,
                        "isMandatory": null
                    }
                ]
            },
            {
                "formFieldId": 104,
                "fieldName": "Inter/Diploma ",
                "fieldId": "inter/diploma ",
                "fieldSequence": 2,
                "fieldTypeId": 4,
                "fieldTypeName": "RADIO",
                "isMandatory": true,
                "maximumValue": 3,
                "minimumValue": 2,
                "isDisabled": false,
                "formFieldOptionMapping": [
                    {
                        "id": 23,
                        "optionName": "Yes"
                    },
                    {
                        "id": 24,
                        "optionName": "No"
                    }
                ],
                "formFieldValuesDTOList": [
                    {
                        "createdBy": "Dijisha",
                        "createdDate": "2024-07-26T04:26:09.000+00:00",
                        "updatedBy": "Dijisha",
                        "updatedDate": "2024-07-26T04:26:29.000+00:00",
                        "id": 90,
                        "fieldName": "inter/diploma ",
                        "fieldValue": "Yes",
                        "formFieldId": 104,
                        "candidateId": 8,
                        "isDisabled": false,
                        "isMandatory": null
                    }
                ]
            },
            {
                "formFieldId": 105,
                "fieldName": "Graduation–Convocation/Consolidated Marks Memo / Provisional Certificate ",
                "fieldId": "graduation–Convocation/cmm/pc",
                "fieldSequence": 3,
                "fieldTypeId": 4,
                "fieldTypeName": "RADIO",
                "isMandatory": true,
                "maximumValue": 3,
                "minimumValue": 2,
                "isDisabled": false,
                "formFieldOptionMapping": [
                    {
                        "id": 25,
                        "optionName": "Yes"
                    },
                    {
                        "id": 26,
                        "optionName": "No"
                    }
                ],
                "formFieldValuesDTOList": [
                    {
                        "createdBy": "Dijisha",
                        "createdDate": "2024-07-26T04:26:09.000+00:00",
                        "updatedBy": "Dijisha",
                        "updatedDate": "2024-07-26T04:26:29.000+00:00",
                        "id": 91,
                        "fieldName": "graduation–Convocation/cmm/pc",
                        "fieldValue": "Yes",
                        "formFieldId": 105,
                        "candidateId": 8,
                        "isDisabled": false,
                        "isMandatory": null
                    }
                ]
            },
            {
                "formFieldId": 106,
                "fieldName": "PG – Convocation / Consolidated Marks Memo / Provisional Certificate",
                "fieldId": "pG–Convocation /cmm / Pc ",
                "fieldSequence": 4,
                "fieldTypeId": 4,
                "fieldTypeName": "RADIO",
                "isMandatory": true,
                "maximumValue": 50,
                "minimumValue": 8,
                "isDisabled": false,
                "formFieldOptionMapping": [
                    {
                        "id": 27,
                        "optionName": "Yes"
                    },
                    {
                        "id": 28,
                        "optionName": "No"
                    }
                ],
                "formFieldValuesDTOList": [
                    {
                        "createdBy": "Dijisha",
                        "createdDate": "2024-07-26T04:26:09.000+00:00",
                        "updatedBy": "Dijisha",
                        "updatedDate": "2024-07-26T04:26:29.000+00:00",
                        "id": 92,
                        "fieldName": "pG–Convocation /cmm / Pc ",
                        "fieldValue": "No",
                        "formFieldId": 106,
                        "candidateId": 8,
                        "isDisabled": false,
                        "isMandatory": null
                    }
                ]
            },
            {
                "formFieldId": 107,
                "fieldName": "Other Certificates ",
                "fieldId": "otherCertificates ",
                "fieldSequence": 5,
                "fieldTypeId": 4,
                "fieldTypeName": "RADIO",
                "isMandatory": true,
                "maximumValue": 3,
                "minimumValue": 2,
                "isDisabled": false,
                "formFieldOptionMapping": [
                    {
                        "id": 29,
                        "optionName": "Yes"
                    },
                    {
                        "id": 30,
                        "optionName": "No"
                    }
                ],
                "formFieldValuesDTOList": [
                    {
                        "createdBy": "Dijisha",
                        "createdDate": "2024-07-26T04:26:09.000+00:00",
                        "updatedBy": "Dijisha",
                        "updatedDate": "2024-07-26T04:26:29.000+00:00",
                        "id": 93,
                        "fieldName": "otherCertificates ",
                        "fieldValue": "Yes",
                        "formFieldId": 107,
                        "candidateId": 8,
                        "isDisabled": false,
                        "isMandatory": null
                    }
                ]
            }
        ]
    },
    {
        "formName": "Employee Joining Report",
        "sectionName": "Other Documents",
        "formSectionId": 19,
        "sectionSequence": 17,
        "formFieldValueMapping": [
            {
                "formFieldId": 128,
                "fieldName": "Offer Letter from previous employer",
                "fieldId": "offerLetterFromPreviousEmployer",
                "fieldSequence": 1,
                "fieldTypeId": 4,
                "fieldTypeName": "RADIO",
                "isMandatory": true,
                "maximumValue": 3,
                "minimumValue": 2,
                "isDisabled": false,
                "formFieldOptionMapping": [
                    {
                        "id": 31,
                        "optionName": "Yes"
                    },
                    {
                        "id": 32,
                        "optionName": "No"
                    }
                ],
                "formFieldValuesDTOList": [
                    {
                        "createdBy": "Dijisha",
                        "createdDate": "2024-07-26T04:26:09.000+00:00",
                        "updatedBy": "Dijisha",
                        "updatedDate": "2024-07-26T04:26:29.000+00:00",
                        "id": 94,
                        "fieldName": "offerLetterFromPreviousEmployer",
                        "fieldValue": "No",
                        "formFieldId": 128,
                        "candidateId": 8,
                        "isDisabled": false,
                        "isMandatory": null
                    }
                ]
            },
            {
                "formFieldId": 129,
                "fieldName": "Experience/Relieving Certificate From Previous Employer",
                "fieldId": "experience/relievingCertificateFromPreviousEmployer",
                "fieldSequence": 2,
                "fieldTypeId": 4,
                "fieldTypeName": "RADIO",
                "isMandatory": true,
                "maximumValue": 3,
                "minimumValue": 2,
                "isDisabled": false,
                "formFieldOptionMapping": [
                    {
                        "id": 33,
                        "optionName": "Yes"
                    },
                    {
                        "id": 34,
                        "optionName": "No"
                    }
                ],
                "formFieldValuesDTOList": [
                    {
                        "createdBy": "Dijisha",
                        "createdDate": "2024-07-26T04:26:09.000+00:00",
                        "updatedBy": "Dijisha",
                        "updatedDate": "2024-07-26T04:26:29.000+00:00",
                        "id": 95,
                        "fieldName": "experience/relievingCertificateFromPreviousEmployer",
                        "fieldValue": "Yes",
                        "formFieldId": 129,
                        "candidateId": 8,
                        "isDisabled": false,
                        "isMandatory": null
                    }
                ]
            },
            {
                "formFieldId": 130,
                "fieldName": "Three Latest Pay Slips",
                "fieldId": "threeLatestPaySlips",
                "fieldSequence": 3,
                "fieldTypeId": 4,
                "fieldTypeName": "RADIO",
                "isMandatory": true,
                "maximumValue": 3,
                "minimumValue": 2,
                "isDisabled": false,
                "formFieldOptionMapping": [
                    {
                        "id": 35,
                        "optionName": "Yes"
                    },
                    {
                        "id": 36,
                        "optionName": "No"
                    }
                ],
                "formFieldValuesDTOList": [
                    {
                        "createdBy": "Dijisha",
                        "createdDate": "2024-07-26T04:26:09.000+00:00",
                        "updatedBy": "Dijisha",
                        "updatedDate": "2024-07-26T04:26:29.000+00:00",
                        "id": 96,
                        "fieldName": "threeLatestPaySlips",
                        "fieldValue": "No",
                        "formFieldId": 130,
                        "candidateId": 8,
                        "isDisabled": false,
                        "isMandatory": null
                    }
                ]
            },
            {
                "formFieldId": 131,
                "fieldName": "Form 16 / Income Statement",
                "fieldId": "form 16 / incomeStatement",
                "fieldSequence": 4,
                "fieldTypeId": 4,
                "fieldTypeName": "RADIO",
                "isMandatory": true,
                "maximumValue": 3,
                "minimumValue": 2,
                "isDisabled": false,
                "formFieldOptionMapping": [
                    {
                        "id": 37,
                        "optionName": "Yes"
                    },
                    {
                        "id": 38,
                        "optionName": "No"
                    }
                ],
                "formFieldValuesDTOList": [
                    {
                        "createdBy": "Dijisha",
                        "createdDate": "2024-07-26T04:26:09.000+00:00",
                        "updatedBy": "Dijisha",
                        "updatedDate": "2024-07-26T04:26:29.000+00:00",
                        "id": 97,
                        "fieldName": "form 16 / incomeStatement",
                        "fieldValue": "Yes",
                        "formFieldId": 131,
                        "candidateId": 8,
                        "isDisabled": false,
                        "isMandatory": null
                    }
                ]
            },
            {
                "formFieldId": 132,
                "fieldName": "Passport Size Photographs Self – 5 No.s",
                "fieldId": "passportSizePhotographsSelf – 5 No.s",
                "fieldSequence": 5,
                "fieldTypeId": 4,
                "fieldTypeName": "RADIO",
                "isMandatory": true,
                "maximumValue": 3,
                "minimumValue": 2,
                "isDisabled": false,
                "formFieldOptionMapping": [
                    {
                        "id": 39,
                        "optionName": "Yes"
                    },
                    {
                        "id": 40,
                        "optionName": "No"
                    }
                ],
                "formFieldValuesDTOList": [
                    {
                        "createdBy": "Dijisha",
                        "createdDate": "2024-07-26T04:26:09.000+00:00",
                        "updatedBy": "Dijisha",
                        "updatedDate": "2024-07-26T04:26:29.000+00:00",
                        "id": 98,
                        "fieldName": "passportSizePhotographsSelf – 5 No.s",
                        "fieldValue": "Yes",
                        "formFieldId": 132,
                        "candidateId": 8,
                        "isDisabled": false,
                        "isMandatory": null
                    }
                ]
            },
            {
                "formFieldId": 133,
                "fieldName": "Proof of Resignation (required as an alternate to Relieving Letter) ",
                "fieldId": "ProofOfResignation(required as an alternate to Relieving Letter)",
                "fieldSequence": 6,
                "fieldTypeId": 4,
                "fieldTypeName": "RADIO",
                "isMandatory": true,
                "maximumValue": 3,
                "minimumValue": 2,
                "isDisabled": false,
                "formFieldOptionMapping": [
                    {
                        "id": 41,
                        "optionName": "Yes"
                    },
                    {
                        "id": 42,
                        "optionName": "No"
                    }
                ],
                "formFieldValuesDTOList": [
                    {
                        "createdBy": "Dijisha",
                        "createdDate": "2024-07-26T04:26:09.000+00:00",
                        "updatedBy": "Dijisha",
                        "updatedDate": "2024-07-26T04:26:29.000+00:00",
                        "id": 99,
                        "fieldName": "ProofOfResignation(required as an alternate to Relieving Letter)",
                        "fieldValue": "No",
                        "formFieldId": 133,
                        "candidateId": 8,
                        "isDisabled": false,
                        "isMandatory": null
                    }
                ]
            },
            {
                "formFieldId": 134,
                "fieldName": "Bank Statements (required as an alternate to Form16) ",
                "fieldId": "bankStatements(required as an alternate to Form16) ",
                "fieldSequence": 7,
                "fieldTypeId": 4,
                "fieldTypeName": "RADIO",
                "isMandatory": true,
                "maximumValue": 3,
                "minimumValue": 2,
                "isDisabled": false,
                "formFieldOptionMapping": [
                    {
                        "id": 43,
                        "optionName": "Yes"
                    },
                    {
                        "id": 44,
                        "optionName": "No"
                    }
                ],
                "formFieldValuesDTOList": [
                    {
                        "createdBy": "Dijisha",
                        "createdDate": "2024-07-26T04:26:09.000+00:00",
                        "updatedBy": "Dijisha",
                        "updatedDate": "2024-07-26T04:26:29.000+00:00",
                        "id": 100,
                        "fieldName": "bankStatements(required as an alternate to Form16) ",
                        "fieldValue": "Yes",
                        "formFieldId": 134,
                        "candidateId": 8,
                        "isDisabled": false,
                        "isMandatory": null
                    }
                ]
            },
            {
                "formFieldId": 135,
                "fieldName": "Copy of Full & Final Settlement from previous employer (required as an alternate to Form16)",
                "fieldId": "copyOfFull & finalSettlementFromPreviousEmployer(required as an alternate to Form16)",
                "fieldSequence": 8,
                "fieldTypeId": 4,
                "fieldTypeName": "RADIO",
                "isMandatory": true,
                "maximumValue": 3,
                "minimumValue": 2,
                "isDisabled": false,
                "formFieldOptionMapping": [
                    {
                        "id": 45,
                        "optionName": "Yes"
                    },
                    {
                        "id": 46,
                        "optionName": "No"
                    }
                ],
                "formFieldValuesDTOList": [
                    {
                        "createdBy": "Dijisha",
                        "createdDate": "2024-07-26T04:26:09.000+00:00",
                        "updatedBy": "Dijisha",
                        "updatedDate": "2024-07-26T04:26:29.000+00:00",
                        "id": 101,
                        "fieldName": "copyOfFull & finalSettlementFromPreviousEmployer(required as an alternate to Form16)",
                        "fieldValue": "No",
                        "formFieldId": 135,
                        "candidateId": 8,
                        "isDisabled": false,
                        "isMandatory": null
                    }
                ]
            },
            {
                "formFieldId": 136,
                "fieldName": "Copy of Passport",
                "fieldId": "copyOfPassport",
                "fieldSequence": 9,
                "fieldTypeId": 4,
                "fieldTypeName": "RADIO",
                "isMandatory": true,
                "maximumValue": 3,
                "minimumValue": 2,
                "isDisabled": false,
                "formFieldOptionMapping": [
                    {
                        "id": 47,
                        "optionName": "Yes"
                    },
                    {
                        "id": 48,
                        "optionName": "No"
                    }
                ],
                "formFieldValuesDTOList": [
                    {
                        "createdBy": "Dijisha",
                        "createdDate": "2024-07-26T04:26:09.000+00:00",
                        "updatedBy": "Dijisha",
                        "updatedDate": "2024-07-26T04:26:29.000+00:00",
                        "id": 102,
                        "fieldName": "copyOfPassport",
                        "fieldValue": "No",
                        "formFieldId": 136,
                        "candidateId": 8,
                        "isDisabled": false,
                        "isMandatory": null
                    }
                ]
            },
            {
                "formFieldId": 137,
                "fieldName": "Pan Card",
                "fieldId": "panCard ",
                "fieldSequence": 10,
                "fieldTypeId": 4,
                "fieldTypeName": "RADIO",
                "isMandatory": true,
                "maximumValue": 3,
                "minimumValue": 2,
                "isDisabled": false,
                "formFieldOptionMapping": [
                    {
                        "id": 49,
                        "optionName": "Yes"
                    },
                    {
                        "id": 50,
                        "optionName": "No"
                    }
                ],
                "formFieldValuesDTOList": [
                    {
                        "createdBy": "Dijisha",
                        "createdDate": "2024-07-26T04:26:09.000+00:00",
                        "updatedBy": "Dijisha",
                        "updatedDate": "2024-07-26T04:26:29.000+00:00",
                        "id": 103,
                        "fieldName": "panCard ",
                        "fieldValue": "Yes",
                        "formFieldId": 137,
                        "candidateId": 8,
                        "isDisabled": false,
                        "isMandatory": null
                    }
                ]
            }
        ]
    },
    {
        "formName": "Employee Joining Report",
        "sectionName": "Tentative Date Of Submission",
        "formSectionId": 75,
        "sectionSequence": 18,
        "formFieldValueMapping": [
            {
                "formFieldId": 524,
                "fieldName": "please mention the tentative date of submission incase , if some of the above mentioned documents are not available",
                "fieldId": "please mention the tentative date of submission incase , if some of the above mentioned documents are not available",
                "fieldSequence": 1,
                "fieldTypeId": 3,
                "fieldTypeName": "DATE",
                "isMandatory": false,
                "maximumValue": null,
                "minimumValue": null,
                "isDisabled": false,
                "formFieldOptionMapping": [],
                "formFieldValuesDTOList": [
                    {
                        "createdBy": "Dijisha",
                        "createdDate": "2024-07-26T04:26:09.000+00:00",
                        "updatedBy": "Dijisha",
                        "updatedDate": "2024-07-26T04:26:29.000+00:00",
                        "id": 104,
                        "fieldName": "please mention the tentative date of submission incase , if some of the above mentioned documents are not available",
                        "fieldValue": null,
                        "formFieldId": 524,
                        "candidateId": 8,
                        "isDisabled": false,
                        "isMandatory": null
                    }
                ]
            }
        ]
    }
]