[
    {
        "formName": "Employee Non-Disclosure And Confidentiality Agreement",
        "sectionName": "Receiving Party",
        "formSectionId": 21,
        "sectionSequence": 2,
        "formFieldValueMapping": [
            {
                "formFieldId": 138,
                "fieldName": "Effective Date Of Aggrement",
                "fieldId": "dateOfJoining",
                "fieldSequence": 1,
                "fieldTypeId": 3,
                "fieldTypeName": "DATE",
                "isMandatory": true,
                "maximumValue": 50,
                "minimumValue": 8,
                "isDisabled": true,
                "formFieldOptionMapping": [],
                "formFieldValuesDTOList": [
                    {
                        "createdBy": "Dijisha",
                        "createdDate": "2024-07-26T04:34:43.000+00:00",
                        "updatedBy": "Dijisha",
                        "updatedDate": "2024-07-26T04:34:43.000+00:00",
                        "id": 105,
                        "fieldName": "dateOfJoining",
                        "fieldValue": "2024-05-03 00:00:00.0",
                        "formFieldId": 138,
                        "candidateId": 8,
                        "isDisabled": true,
                        "isMandatory": null
                    }
                ]
            },
            {
                "formFieldId": 139,
                "fieldName": "First Name",
                "fieldId": "firstName",
                "fieldSequence": 1,
                "fieldTypeId": 1,
                "fieldTypeName": "TEXT BOX",
                "isMandatory": true,
                "maximumValue": 50,
                "minimumValue": 8,
                "isDisabled": true,
                "formFieldOptionMapping": [],
                "formFieldValuesDTOList": [
                    {
                        "createdBy": "Dijisha",
                        "createdDate": "2024-07-26T04:34:43.000+00:00",
                        "updatedBy": "Dijisha",
                        "updatedDate": "2024-07-26T04:34:43.000+00:00",
                        "id": 106,
                        "fieldName": "firstName",
                        "fieldValue": "Dijisha",
                        "formFieldId": 139,
                        "candidateId": 8,
                        "isDisabled": true,
                        "isMandatory": null
                    }
                ]
            },
            {
                "formFieldId": 140,
                "fieldName": "Middle Name",
                "fieldId": "middleName",
                "fieldSequence": 2,
                "fieldTypeId": 1,
                "fieldTypeName": "TEXT BOX",
                "isMandatory": false,
                "maximumValue": 50,
                "minimumValue": 8,
                "isDisabled": true,
                "formFieldOptionMapping": [],
                "formFieldValuesDTOList": [
                    {
                        "createdBy": "Dijisha",
                        "createdDate": "2024-07-26T04:34:44.000+00:00",
                        "updatedBy": "Dijisha",
                        "updatedDate": "2024-07-26T04:34:44.000+00:00",
                        "id": 107,
                        "fieldName": "middleName",
                        "fieldValue": "Naidu",
                        "formFieldId": 140,
                        "candidateId": 8,
                        "isDisabled": true,
                        "isMandatory": null
                    }
                ]
            },
            {
                "formFieldId": 141,
                "fieldName": "SurName",
                "fieldId": "lastName",
                "fieldSequence": 3,
                "fieldTypeId": 1,
                "fieldTypeName": "TEXT BOX",
                "isMandatory": true,
                "maximumValue": 50,
                "minimumValue": 8,
                "isDisabled": true,
                "formFieldOptionMapping": [],
                "formFieldValuesDTOList": [
                    {
                        "createdBy": "Dijisha",
                        "createdDate": "2024-07-26T04:34:44.000+00:00",
                        "updatedBy": "Dijisha",
                        "updatedDate": "2024-07-26T04:34:44.000+00:00",
                        "id": 108,
                        "fieldName": "lastName",
                        "fieldValue": "Pawar",
                        "formFieldId": 141,
                        "candidateId": 8,
                        "isDisabled": true,
                        "isMandatory": null
                    }
                ]
            },
            {
                "formFieldId": 142,
                "fieldName": "Candidate RelationShip Type",
                "fieldId": "relation",
                "fieldSequence": 4,
                "fieldTypeId": 5,
                "fieldTypeName": "DROPDOWN",
                "isMandatory": true,
                "maximumValue": 10,
                "minimumValue": 2,
                "isDisabled": false,
                "formFieldOptionMapping": [
                    {
                        "id": 51,
                        "optionName": "Son"
                    },
                    {
                        "id": 52,
                        "optionName": "Daughter"
                    },
                    {
                        "id": 53,
                        "optionName": "Wife"
                    },
                    {
                        "id": 54,
                        "optionName": "Ward/Gaurdian"
                    },
                    {
                        "id": 193,
                        "optionName": "Brother"
                    },
                    {
                        "id": 194,
                        "optionName": "Sister"
                    }
                ],
                "formFieldValuesDTOList": [
                    {
                        "createdBy": "Dijisha",
                        "createdDate": "2024-07-26T04:34:44.000+00:00",
                        "updatedBy": "Dijisha",
                        "updatedDate": "2024-07-26T04:34:44.000+00:00",
                        "id": 109,
                        "fieldName": "relation",
                        "fieldValue": "Son",
                        "formFieldId": 142,
                        "candidateId": 8,
                        "isDisabled": false,
                        "isMandatory": null
                    }
                ]
            },
            {
                "formFieldId": 143,
                "fieldName": "Candidate Relation Name",
                "fieldId": "relationName",
                "fieldSequence": 5,
                "fieldTypeId": 1,
                "fieldTypeName": "TEXT BOX",
                "isMandatory": true,
                "maximumValue": 150,
                "minimumValue": 8,
                "isDisabled": false,
                "formFieldOptionMapping": [],
                "formFieldValuesDTOList": [
                    {
                        "createdBy": "Dijisha",
                        "createdDate": "2024-07-26T04:34:44.000+00:00",
                        "updatedBy": "Dijisha",
                        "updatedDate": "2024-07-26T04:34:44.000+00:00",
                        "id": 110,
                        "fieldName": "relationName",
                        "fieldValue": "hfj",
                        "formFieldId": 143,
                        "candidateId": 8,
                        "isDisabled": false,
                        "isMandatory": null
                    }
                ]
            },
            {
                "formFieldId": 144,
                "fieldName": "Age",
                "fieldId": "age",
                "fieldSequence": 6,
                "fieldTypeId": 1,
                "fieldTypeName": "TEXT BOX",
                "isMandatory": true,
                "maximumValue": 3,
                "minimumValue": 2,
                "isDisabled": true,
                "formFieldOptionMapping": [],
                "formFieldValuesDTOList": [
                    {
                        "createdBy": "Dijisha",
                        "createdDate": "2024-07-26T04:34:45.000+00:00",
                        "updatedBy": "Dijisha",
                        "updatedDate": "2024-07-26T04:34:45.000+00:00",
                        "id": 111,
                        "fieldName": "age",
                        "fieldValue": "23",
                        "formFieldId": 144,
                        "candidateId": 8,
                        "isDisabled": true,
                        "isMandatory": null
                    }
                ]
            },
            {
                "formFieldId": 145,
                "fieldName": "Hired Designation",
                "fieldId": "designation",
                "fieldSequence": 7,
                "fieldTypeId": 1,
                "fieldTypeName": "TEXT BOX",
                "isMandatory": true,
                "maximumValue": 80,
                "minimumValue": 10,
                "isDisabled": true,
                "formFieldOptionMapping": [],
                "formFieldValuesDTOList": [
                    {
                        "createdBy": "Dijisha",
                        "createdDate": "2024-07-26T04:34:45.000+00:00",
                        "updatedBy": "Dijisha",
                        "updatedDate": "2024-07-26T04:34:45.000+00:00",
                        "id": 112,
                        "fieldName": "designation",
                        "fieldValue": "Architect",
                        "formFieldId": 145,
                        "candidateId": 8,
                        "isDisabled": true,
                        "isMandatory": null
                    }
                ]
            },
            {
                "formFieldId": 146,
                "fieldName": "Hired Joining Date",
                "fieldId": "dateOfJoining",
                "fieldSequence": 8,
                "fieldTypeId": 3,
                "fieldTypeName": "DATE",
                "isMandatory": true,
                "maximumValue": 50,
                "minimumValue": 8,
                "isDisabled": true,
                "formFieldOptionMapping": [],
                "formFieldValuesDTOList": [
                    {
                        "createdBy": "Dijisha",
                        "createdDate": "2024-07-26T04:34:45.000+00:00",
                        "updatedBy": "Dijisha",
                        "updatedDate": "2024-07-26T04:34:45.000+00:00",
                        "id": 113,
                        "fieldName": "dateOfJoining",
                        "fieldValue": "2024-05-03 00:00:00.0",
                        "formFieldId": 146,
                        "candidateId": 8,
                        "isDisabled": true,
                        "isMandatory": null
                    }
                ]
            },
            {
                "formFieldId": 147,
                "fieldName": "Phone Number",
                "fieldId": "mobileNo",
                "fieldSequence": 9,
                "fieldTypeId": 1,
                "fieldTypeName": "TEXT BOX",
                "isMandatory": true,
                "maximumValue": 10,
                "minimumValue": 10,
                "isDisabled": true,
                "formFieldOptionMapping": [],
                "formFieldValuesDTOList": [
                    {
                        "createdBy": "Dijisha",
                        "createdDate": "2024-07-26T04:34:45.000+00:00",
                        "updatedBy": "Dijisha",
                        "updatedDate": "2024-07-26T04:34:45.000+00:00",
                        "id": 114,
                        "fieldName": "mobileNo",
                        "fieldValue": "9848387724",
                        "formFieldId": 147,
                        "candidateId": 8,
                        "isDisabled": true,
                        "isMandatory": null
                    }
                ]
            },
            {
                "formFieldId": 148,
                "fieldName": "Fax Number",
                "fieldId": "faxNo",
                "fieldSequence": 10,
                "fieldTypeId": 1,
                "fieldTypeName": "TEXT BOX",
                "isMandatory": false,
                "maximumValue": 12,
                "minimumValue": 2,
                "isDisabled": false,
                "formFieldOptionMapping": [],
                "formFieldValuesDTOList": [
                    {
                        "createdBy": "Dijisha",
                        "createdDate": "2024-07-26T04:34:46.000+00:00",
                        "updatedBy": "Dijisha",
                        "updatedDate": "2024-07-26T04:34:46.000+00:00",
                        "id": 115,
                        "fieldName": "faxNo",
                        "fieldValue": null,
                        "formFieldId": 148,
                        "candidateId": 8,
                        "isDisabled": false,
                        "isMandatory": null
                    }
                ]
            }
        ]
    },
    {
        "formName": "Employee Non-Disclosure And Confidentiality Agreement",
        "sectionName": "Permanent Address",
        "formSectionId": 22,
        "sectionSequence": 3,
        "formFieldValueMapping": [
            {
                "formFieldId": 149,
                "fieldName": "Line-1",
                "fieldId": "permanentAddressLine-1",
                "fieldSequence": 1,
                "fieldTypeId": 1,
                "fieldTypeName": "TEXT BOX",
                "isMandatory": true,
                "maximumValue": 50,
                "minimumValue": 8,
                "isDisabled": true,
                "formFieldOptionMapping": [],
                "formFieldValuesDTOList": [
                    {
                        "createdBy": "Dijisha",
                        "createdDate": "2024-07-26T04:34:46.000+00:00",
                        "updatedBy": "Dijisha",
                        "updatedDate": "2024-07-26T04:34:46.000+00:00",
                        "id": 116,
                        "fieldName": "permanentAddressLine-1",
                        "fieldValue": "s",
                        "formFieldId": 149,
                        "candidateId": 8,
                        "isDisabled": true,
                        "isMandatory": null
                    }
                ]
            },
            {
                "formFieldId": 150,
                "fieldName": "Line-2",
                "fieldId": "permanentAddressLine-2",
                "fieldSequence": 2,
                "fieldTypeId": 1,
                "fieldTypeName": "TEXT BOX",
                "isMandatory": true,
                "maximumValue": 50,
                "minimumValue": 8,
                "isDisabled": true,
                "formFieldOptionMapping": [],
                "formFieldValuesDTOList": [
                    {
                        "createdBy": "Dijisha",
                        "createdDate": "2024-07-26T04:34:46.000+00:00",
                        "updatedBy": "Dijisha",
                        "updatedDate": "2024-07-26T04:34:46.000+00:00",
                        "id": 117,
                        "fieldName": "permanentAddressLine-2",
                        "fieldValue": "f",
                        "formFieldId": 150,
                        "candidateId": 8,
                        "isDisabled": true,
                        "isMandatory": null
                    }
                ]
            },
            {
                "formFieldId": 151,
                "fieldName": "Area",
                "fieldId": "permanentAddressArea",
                "fieldSequence": 3,
                "fieldTypeId": 1,
                "fieldTypeName": "TEXT BOX",
                "isMandatory": true,
                "maximumValue": 50,
                "minimumValue": 8,
                "isDisabled": true,
                "formFieldOptionMapping": [],
                "formFieldValuesDTOList": [
                    {
                        "createdBy": "Dijisha",
                        "createdDate": "2024-07-26T04:34:46.000+00:00",
                        "updatedBy": "Dijisha",
                        "updatedDate": "2024-07-26T04:34:46.000+00:00",
                        "id": 118,
                        "fieldName": "permanentAddressArea",
                        "fieldValue": "a",
                        "formFieldId": 151,
                        "candidateId": 8,
                        "isDisabled": true,
                        "isMandatory": null
                    }
                ]
            },
            {
                "formFieldId": 152,
                "fieldName": "City",
                "fieldId": "permanentAddressCity",
                "fieldSequence": 4,
                "fieldTypeId": 1,
                "fieldTypeName": "TEXT BOX",
                "isMandatory": true,
                "maximumValue": 50,
                "minimumValue": 8,
                "isDisabled": true,
                "formFieldOptionMapping": [],
                "formFieldValuesDTOList": [
                    {
                        "createdBy": "Dijisha",
                        "createdDate": "2024-07-26T04:34:47.000+00:00",
                        "updatedBy": "Dijisha",
                        "updatedDate": "2024-07-26T04:34:47.000+00:00",
                        "id": 119,
                        "fieldName": "permanentAddressCity",
                        "fieldValue": "d",
                        "formFieldId": 152,
                        "candidateId": 8,
                        "isDisabled": true,
                        "isMandatory": null
                    }
                ]
            },
            {
                "formFieldId": 153,
                "fieldName": "State",
                "fieldId": "permanentAddressState",
                "fieldSequence": 5,
                "fieldTypeId": 1,
                "fieldTypeName": "TEXT BOX",
                "isMandatory": true,
                "maximumValue": 50,
                "minimumValue": 8,
                "isDisabled": true,
                "formFieldOptionMapping": [],
                "formFieldValuesDTOList": [
                    {
                        "createdBy": "Dijisha",
                        "createdDate": "2024-07-26T04:34:47.000+00:00",
                        "updatedBy": "Dijisha",
                        "updatedDate": "2024-07-26T04:34:47.000+00:00",
                        "id": 120,
                        "fieldName": "permanentAddressState",
                        "fieldValue": "AP",
                        "formFieldId": 153,
                        "candidateId": 8,
                        "isDisabled": true,
                        "isMandatory": null
                    }
                ]
            },
            {
                "formFieldId": 154,
                "fieldName": "Area Code",
                "fieldId": "permanentAddressAreaCode",
                "fieldSequence": 6,
                "fieldTypeId": 1,
                "fieldTypeName": "TEXT BOX",
                "isMandatory": true,
                "maximumValue": 6,
                "minimumValue": 6,
                "isDisabled": true,
                "formFieldOptionMapping": [],
                "formFieldValuesDTOList": [
                    {
                        "createdBy": "Dijisha",
                        "createdDate": "2024-07-26T04:34:47.000+00:00",
                        "updatedBy": "Dijisha",
                        "updatedDate": "2024-07-26T04:34:47.000+00:00",
                        "id": 121,
                        "fieldName": "permanentAddressAreaCode",
                        "fieldValue": "888888",
                        "formFieldId": 154,
                        "candidateId": 8,
                        "isDisabled": true,
                        "isMandatory": null
                    }
                ]
            },
            {
                "formFieldId": 155,
                "fieldName": "Country",
                "fieldId": "permanentAddressCountry",
                "fieldSequence": 7,
                "fieldTypeId": 1,
                "fieldTypeName": "TEXT BOX",
                "isMandatory": true,
                "maximumValue": 50,
                "minimumValue": 8,
                "isDisabled": true,
                "formFieldOptionMapping": [],
                "formFieldValuesDTOList": [
                    {
                        "createdBy": "Dijisha",
                        "createdDate": "2024-07-26T04:34:47.000+00:00",
                        "updatedBy": "Dijisha",
                        "updatedDate": "2024-07-26T04:34:47.000+00:00",
                        "id": 122,
                        "fieldName": "permanentAddressCountry",
                        "fieldValue": "Algeria",
                        "formFieldId": 155,
                        "candidateId": 8,
                        "isDisabled": true,
                        "isMandatory": null
                    }
                ]
            }
        ]
    }
]