[
    {
        "formName": "Letter Of Authorization",
        "sectionName": "To Whom it may concern",
        "formSectionId": 23,
        "sectionSequence": 1,
        "formFieldValueMapping": [
            {
                "formFieldId": 156,
                "fieldName": "I hereby authorize Bilvantis Technologies Private Limited\r\n and its representative (NASSCOM Approved Agency) to verify all the information\r\n provided in my application of employment and to conduct such enquiries as may\r\n be required by Bilvantis Technologies Private Limited to verify facts of all such information’s\r\n provided by me. I hereby declare that this authorization shall be valid till such time\r\n I remain in services of Bilvantis Technologies Private Limited. I hereby authorize all individuals,\r\n private establishments, government establishments/agencies, educational institutions\r\n who may have information relevant to this enquiry to co-operate and disclose to Bilvantis\r\n Technologies Private Limited and/or its agents such information as may be required. I hereby release\r\n Bilvantis Technologies Private Limited and all its personnel and agents from any liability which could result\r\n, either directly or indirectly, from the disclosure of information by a third party to another party\r\n in response to Bilvantis Technologies Private Limited enquiries.",
                "fieldId": "loaCheckBox",
                "fieldSequence": 1,
                "fieldTypeId": 6,
                "fieldTypeName": "CHECK BOX",
                "isMandatory": true,
                "maximumValue": 7,
                "minimumValue": 7,
                "isDisabled": false,
                "formFieldOptionMapping": [
                    {
                        "id": 55,
                        "optionName": "I Agree"
                    }
                ],
                "formFieldValuesDTOList": [
                    {
                        "createdBy": "Dijisha",
                        "createdDate": "2024-07-26T04:35:07.000+00:00",
                        "updatedBy": "Dijisha",
                        "updatedDate": "2024-07-26T04:35:07.000+00:00",
                        "id": 123,
                        "fieldName": "loaCheckBox",
                        "fieldValue": "I Agree",
                        "formFieldId": 156,
                        "candidateId": 8,
                        "isDisabled": false,
                        "isMandatory": null
                    }
                ]
            }
        ]
    }
]