[
    {
        "formName": "Authorisation Letter for BGC",
        "sectionName": "To Whom it may concern",
        "formSectionId": 24,
        "sectionSequence": 1,
        "formFieldValueMapping": [
            {
                "formFieldId": 157,
                "fieldName": "I agree and understand that Bilvantis may use an outside agency\r\n to verify and validate the information I have provided part of the joining formalities including\r\n my employment, my personal background, professional standing and work history.\r\nI authorize, without reservation, any individual, corporation or other private or public entity to\r\n furnish Bilvantis and the outside background agency all information about me.\r\nI understand that an outside background agency may obtain information it deems appropriate from\r\n various sources including, but not limited to the current and past employers and personal references.\r\nThis authorization and release, in original, faxed or photocopied form, shall be valid for this and\r\n any future reports and updates that may be requested",
                "fieldId": "loaCheckBoxHelloVerify",
                "fieldSequence": 1,
                "fieldTypeId": 6,
                "fieldTypeName": "CHECK BOX",
                "isMandatory": true,
                "maximumValue": 7,
                "minimumValue": 7,
                "isDisabled": false,
                "formFieldOptionMapping": [
                    {
                        "id": 56,
                        "optionName": "I Agree"
                    }
                ],
                "formFieldValuesDTOList": [
                    {
                        "createdBy": "Dijisha",
                        "createdDate": "2024-07-26T04:36:00.000+00:00",
                        "updatedBy": "Dijisha",
                        "updatedDate": "2024-07-26T04:36:00.000+00:00",
                        "id": 124,
                        "fieldName": "loaCheckBoxHelloVerify",
                        "fieldValue": "I Agree",
                        "formFieldId": 157,
                        "candidateId": 8,
                        "isDisabled": false,
                        "isMandatory": null
                    }
                ]
            }
        ]
    }
]