[
    {
        "formName": "Composite Declaration Form -11",
        "sectionName": "Personal Details",
        "formSectionId": 65,
        "sectionSequence": 2,
        "formFieldValueMapping": [
            {
                "formFieldId": 483,
                "fieldName": "First Name",
                "fieldId": "firstName",
                "fieldSequence": 1,
                "fieldTypeId": 1,
                "fieldTypeName": "TEXT BOX",
                "isMandatory": true,
                "maximumValue": 50,
                "minimumValue": 8,
                "isDisabled": true,
                "formFieldOptionMapping": [],
                "formFieldValuesDTOList": [
                    {
                        "createdBy": "Dijisha",
                        "createdDate": "2024-07-26T06:38:49.000+00:00",
                        "updatedBy": "Dijisha",
                        "updatedDate": "2024-07-26T06:39:01.000+00:00",
                        "id": 451,
                        "fieldName": "firstName",
                        "fieldValue": "Dijisha",
                        "formFieldId": 483,
                        "candidateId": 8,
                        "isDisabled": true,
                        "isMandatory": null
                    }
                ]
            },
            {
                "formFieldId": 484,
                "fieldName": "Middle Name",
                "fieldId": "middleName",
                "fieldSequence": 2,
                "fieldTypeId": 1,
                "fieldTypeName": "TEXT BOX",
                "isMandatory": true,
                "maximumValue": 50,
                "minimumValue": 8,
                "isDisabled": true,
                "formFieldOptionMapping": [],
                "formFieldValuesDTOList": [
                    {
                        "createdBy": "Dijisha",
                        "createdDate": "2024-07-26T06:38:49.000+00:00",
                        "updatedBy": "Dijisha",
                        "updatedDate": "2024-07-26T06:39:01.000+00:00",
                        "id": 452,
                        "fieldName": "middleName",
                        "fieldValue": "Naidu",
                        "formFieldId": 484,
                        "candidateId": 8,
                        "isDisabled": true,
                        "isMandatory": null
                    }
                ]
            },
            {
                "formFieldId": 485,
                "fieldName": "Last Name",
                "fieldId": "lastName",
                "fieldSequence": 3,
                "fieldTypeId": 1,
                "fieldTypeName": "TEXT BOX",
                "isMandatory": true,
                "maximumValue": 50,
                "minimumValue": 8,
                "isDisabled": true,
                "formFieldOptionMapping": [],
                "formFieldValuesDTOList": [
                    {
                        "createdBy": "Dijisha",
                        "createdDate": "2024-07-26T06:38:49.000+00:00",
                        "updatedBy": "Dijisha",
                        "updatedDate": "2024-07-26T06:39:01.000+00:00",
                        "id": 453,
                        "fieldName": "lastName",
                        "fieldValue": "Pawar",
                        "formFieldId": 485,
                        "candidateId": 8,
                        "isDisabled": true,
                        "isMandatory": null
                    }
                ]
            },
            {
                "formFieldId": 486,
                "fieldName": "Father Name",
                "fieldId": "fatherName",
                "fieldSequence": 4,
                "fieldTypeId": 1,
                "fieldTypeName": "TEXT BOX",
                "isMandatory": false,
                "maximumValue": 50,
                "minimumValue": 3,
                "isDisabled": true,
                "formFieldOptionMapping": [],
                "formFieldValuesDTOList": [
                    {
                        "createdBy": "Dijisha",
                        "createdDate": "2024-07-26T06:38:49.000+00:00",
                        "updatedBy": "Dijisha",
                        "updatedDate": "2024-07-26T06:39:01.000+00:00",
                        "id": 454,
                        "fieldName": "fatherName",
                        "fieldValue": "ANurag",
                        "formFieldId": 486,
                        "candidateId": 8,
                        "isDisabled": true,
                        "isMandatory": null
                    }
                ]
            },
            {
                "formFieldId": 487,
                "fieldName": "Spouse Name",
                "fieldId": "spouseName",
                "fieldSequence": 5,
                "fieldTypeId": 1,
                "fieldTypeName": "TEXT BOX",
                "isMandatory": false,
                "maximumValue": 50,
                "minimumValue": 8,
                "isDisabled": false,
                "formFieldOptionMapping": [],
                "formFieldValuesDTOList": [
                    {
                        "createdBy": "Dijisha",
                        "createdDate": "2024-07-26T06:38:49.000+00:00",
                        "updatedBy": "Dijisha",
                        "updatedDate": "2024-07-26T06:39:01.000+00:00",
                        "id": 455,
                        "fieldName": "spouseName",
                        "fieldValue": null,
                        "formFieldId": 487,
                        "candidateId": 8,
                        "isDisabled": false,
                        "isMandatory": null
                    }
                ]
            },
            {
                "formFieldId": 488,
                "fieldName": "Gender",
                "fieldId": "sex",
                "fieldSequence": 6,
                "fieldTypeId": 5,
                "fieldTypeName": "DROPDOWN",
                "isMandatory": true,
                "maximumValue": null,
                "minimumValue": null,
                "isDisabled": true,
                "formFieldOptionMapping": [
                    {
                        "id": 145,
                        "optionName": "Male"
                    },
                    {
                        "id": 146,
                        "optionName": "Female"
                    },
                    {
                        "id": 147,
                        "optionName": "Trans Gender"
                    }
                ],
                "formFieldValuesDTOList": [
                    {
                        "createdBy": "Dijisha",
                        "createdDate": "2024-07-26T06:38:49.000+00:00",
                        "updatedBy": "Dijisha",
                        "updatedDate": "2024-07-26T06:39:01.000+00:00",
                        "id": 456,
                        "fieldName": "sex",
                        "fieldValue": "Female",
                        "formFieldId": 488,
                        "candidateId": 8,
                        "isDisabled": true,
                        "isMandatory": null
                    }
                ]
            },
            {
                "formFieldId": 489,
                "fieldName": "Marital Status",
                "fieldId": "maritalStatus",
                "fieldSequence": 7,
                "fieldTypeId": 5,
                "fieldTypeName": "DROPDOWN",
                "isMandatory": true,
                "maximumValue": null,
                "minimumValue": null,
                "isDisabled": true,
                "formFieldOptionMapping": [
                    {
                        "id": 148,
                        "optionName": "Married"
                    },
                    {
                        "id": 149,
                        "optionName": "Unmarried"
                    },
                    {
                        "id": 150,
                        "optionName": "Widow"
                    },
                    {
                        "id": 151,
                        "optionName": "Widower"
                    },
                    {
                        "id": 152,
                        "optionName": "Divorcee"
                    }
                ],
                "formFieldValuesDTOList": [
                    {
                        "createdBy": "Dijisha",
                        "createdDate": "2024-07-26T06:38:49.000+00:00",
                        "updatedBy": "Dijisha",
                        "updatedDate": "2024-07-26T06:39:01.000+00:00",
                        "id": 457,
                        "fieldName": "maritalStatus",
                        "fieldValue": "Unmarried",
                        "formFieldId": 489,
                        "candidateId": 8,
                        "isDisabled": true,
                        "isMandatory": null
                    }
                ]
            },
            {
                "formFieldId": 490,
                "fieldName": "Email Id",
                "fieldId": "email",
                "fieldSequence": 8,
                "fieldTypeId": 2,
                "fieldTypeName": "EMAIL",
                "isMandatory": true,
                "maximumValue": 80,
                "minimumValue": 10,
                "isDisabled": true,
                "formFieldOptionMapping": [],
                "formFieldValuesDTOList": [
                    {
                        "createdBy": "Dijisha",
                        "createdDate": "2024-07-26T06:38:49.000+00:00",
                        "updatedBy": "Dijisha",
                        "updatedDate": "2024-07-26T06:39:01.000+00:00",
                        "id": 458,
                        "fieldName": "email",
                        "fieldValue": "dijisha777@gmail.com",
                        "formFieldId": 490,
                        "candidateId": 8,
                        "isDisabled": true,
                        "isMandatory": null
                    }
                ]
            },
            {
                "formFieldId": 491,
                "fieldName": "Mobile No",
                "fieldId": "mobileNo",
                "fieldSequence": 9,
                "fieldTypeId": 1,
                "fieldTypeName": "TEXT BOX",
                "isMandatory": true,
                "maximumValue": 10,
                "minimumValue": 10,
                "isDisabled": true,
                "formFieldOptionMapping": [],
                "formFieldValuesDTOList": [
                    {
                        "createdBy": "Dijisha",
                        "createdDate": "2024-07-26T06:38:49.000+00:00",
                        "updatedBy": "Dijisha",
                        "updatedDate": "2024-07-26T06:39:01.000+00:00",
                        "id": 459,
                        "fieldName": "mobileNo",
                        "fieldValue": "9848387724",
                        "formFieldId": 491,
                        "candidateId": 8,
                        "isDisabled": true,
                        "isMandatory": null
                    }
                ]
            },
            {
                "formFieldId": 522,
                "fieldName": "Date Of Birth",
                "fieldId": "dateOfBirth",
                "fieldSequence": 10,
                "fieldTypeId": 3,
                "fieldTypeName": "DATE",
                "isMandatory": true,
                "maximumValue": null,
                "minimumValue": null,
                "isDisabled": true,
                "formFieldOptionMapping": [],
                "formFieldValuesDTOList": [
                    {
                        "createdBy": "Dijisha",
                        "createdDate": "2024-07-26T06:38:49.000+00:00",
                        "updatedBy": "Dijisha",
                        "updatedDate": "2024-07-26T06:39:01.000+00:00",
                        "id": 460,
                        "fieldName": "dateOfBirth",
                        "fieldValue": "2003-10-08",
                        "formFieldId": 522,
                        "candidateId": 8,
                        "isDisabled": true,
                        "isMandatory": null
                    }
                ]
            }
        ]
    },
    {
        "formName": "Composite Declaration Form -11",
        "sectionName": "Present Employment Details",
        "formSectionId": 66,
        "sectionSequence": 3,
        "formFieldValueMapping": [
            {
                "formFieldId": 492,
                "fieldName": "Date of joining in the current establishment",
                "fieldId": "dateOfJoining",
                "fieldSequence": 1,
                "fieldTypeId": 3,
                "fieldTypeName": "DATE",
                "isMandatory": true,
                "maximumValue": null,
                "minimumValue": null,
                "isDisabled": true,
                "formFieldOptionMapping": [],
                "formFieldValuesDTOList": [
                    {
                        "createdBy": "Dijisha",
                        "createdDate": "2024-07-26T06:38:49.000+00:00",
                        "updatedBy": "Dijisha",
                        "updatedDate": "2024-07-26T06:39:01.000+00:00",
                        "id": 461,
                        "fieldName": "dateOfJoining",
                        "fieldValue": "2024-05-03 00:00:00.0",
                        "formFieldId": 492,
                        "candidateId": 8,
                        "isDisabled": true,
                        "isMandatory": null
                    }
                ]
            }
        ]
    },
    {
        "formName": "Composite Declaration Form -11",
        "sectionName": "KYC Details",
        "formSectionId": 67,
        "sectionSequence": 4,
        "formFieldValueMapping": [
            {
                "formFieldId": 493,
                "fieldName": "Bank Account No.",
                "fieldId": "bankAccountNumber",
                "fieldSequence": 1,
                "fieldTypeId": 1,
                "fieldTypeName": "TEXT BOX",
                "isMandatory": true,
                "maximumValue": 20,
                "minimumValue": 10,
                "isDisabled": false,
                "formFieldOptionMapping": [],
                "formFieldValuesDTOList": [
                    {
                        "createdBy": "Dijisha",
                        "createdDate": "2024-07-26T06:38:49.000+00:00",
                        "updatedBy": "Dijisha",
                        "updatedDate": "2024-07-26T06:39:01.000+00:00",
                        "id": 462,
                        "fieldName": "bankAccountNumber",
                        "fieldValue": "8888888888",
                        "formFieldId": 493,
                        "candidateId": 8,
                        "isDisabled": false,
                        "isMandatory": null
                    }
                ]
            },
            {
                "formFieldId": 494,
                "fieldName": "IFSC Code Of the Branch",
                "fieldId": "ifscCodeOfTheBranch",
                "fieldSequence": 2,
                "fieldTypeId": 1,
                "fieldTypeName": "TEXT BOX",
                "isMandatory": true,
                "maximumValue": 20,
                "minimumValue": 10,
                "isDisabled": false,
                "formFieldOptionMapping": [],
                "formFieldValuesDTOList": [
                    {
                        "createdBy": "Dijisha",
                        "createdDate": "2024-07-26T06:38:49.000+00:00",
                        "updatedBy": "Dijisha",
                        "updatedDate": "2024-07-26T06:39:01.000+00:00",
                        "id": 463,
                        "fieldName": "ifscCodeOfTheBranch",
                        "fieldValue": "SBIN100150",
                        "formFieldId": 494,
                        "candidateId": 8,
                        "isDisabled": false,
                        "isMandatory": null
                    }
                ]
            },
            {
                "formFieldId": 495,
                "fieldName": "Aadhaar No",
                "fieldId": "aadhaarNo",
                "fieldSequence": 3,
                "fieldTypeId": 1,
                "fieldTypeName": "TEXT BOX",
                "isMandatory": true,
                "maximumValue": 12,
                "minimumValue": 12,
                "isDisabled": true,
                "formFieldOptionMapping": [],
                "formFieldValuesDTOList": [
                    {
                        "createdBy": "Dijisha",
                        "createdDate": "2024-07-26T06:38:49.000+00:00",
                        "updatedBy": "Dijisha",
                        "updatedDate": "2024-07-26T06:39:01.000+00:00",
                        "id": 464,
                        "fieldName": "aadhaarNo",
                        "fieldValue": "989876765454",
                        "formFieldId": 495,
                        "candidateId": 8,
                        "isDisabled": true,
                        "isMandatory": null
                    }
                ]
            },
            {
                "formFieldId": 496,
                "fieldName": "PAN No",
                "fieldId": "panNo",
                "fieldSequence": 4,
                "fieldTypeId": 1,
                "fieldTypeName": "TEXT BOX",
                "isMandatory": true,
                "maximumValue": 10,
                "minimumValue": 10,
                "isDisabled": true,
                "formFieldOptionMapping": [],
                "formFieldValuesDTOList": [
                    {
                        "createdBy": "Dijisha",
                        "createdDate": "2024-07-26T06:38:49.000+00:00",
                        "updatedBy": "Dijisha",
                        "updatedDate": "2024-07-26T06:39:01.000+00:00",
                        "id": 465,
                        "fieldName": "panNo",
                        "fieldValue": "HYDEW9876N",
                        "formFieldId": 496,
                        "candidateId": 8,
                        "isDisabled": true,
                        "isMandatory": null
                    }
                ]
            }
        ]
    },
    {
        "formName": "Composite Declaration Form -11",
        "sectionName": "Previous Employment Details",
        "formSectionId": 68,
        "sectionSequence": 5,
        "formFieldValueMapping": [
            {
                "formFieldId": 497,
                "fieldName": "Whether earlier a member of Employees Provident Fund Scheme,1952",
                "fieldId": "earlierEPFCheck",
                "fieldSequence": 1,
                "fieldTypeId": 4,
                "fieldTypeName": "RADIO",
                "isMandatory": true,
                "maximumValue": null,
                "minimumValue": null,
                "isDisabled": false,
                "formFieldOptionMapping": [
                    {
                        "id": 153,
                        "optionName": "Yes"
                    },
                    {
                        "id": 154,
                        "optionName": "No"
                    }
                ],
                "formFieldValuesDTOList": [
                    {
                        "createdBy": "Dijisha",
                        "createdDate": "2024-07-26T06:38:49.000+00:00",
                        "updatedBy": "Dijisha",
                        "updatedDate": "2024-07-26T06:39:01.000+00:00",
                        "id": 466,
                        "fieldName": "earlierEPFCheck",
                        "fieldValue": "Yes",
                        "formFieldId": 497,
                        "candidateId": 8,
                        "isDisabled": false,
                        "isMandatory": null
                    }
                ]
            },
            {
                "formFieldId": 498,
                "fieldName": "Whether earlier a member of Employees Pension Scheme, 1995",
                "fieldId": "earlierPensionSchemeCheck",
                "fieldSequence": 2,
                "fieldTypeId": 4,
                "fieldTypeName": "RADIO",
                "isMandatory": true,
                "maximumValue": null,
                "minimumValue": null,
                "isDisabled": false,
                "formFieldOptionMapping": [
                    {
                        "id": 155,
                        "optionName": "Yes"
                    },
                    {
                        "id": 156,
                        "optionName": "No"
                    }
                ],
                "formFieldValuesDTOList": [
                    {
                        "createdBy": "Dijisha",
                        "createdDate": "2024-07-26T06:38:49.000+00:00",
                        "updatedBy": "Dijisha",
                        "updatedDate": "2024-07-26T06:39:01.000+00:00",
                        "id": 467,
                        "fieldName": "earlierPensionSchemeCheck",
                        "fieldValue": "No",
                        "formFieldId": 498,
                        "candidateId": 8,
                        "isDisabled": false,
                        "isMandatory": null
                    }
                ]
            }
        ]
    },
    {
        "formName": "Composite Declaration Form -11",
        "sectionName": "Un-exempted",
        "formSectionId": 69,
        "sectionSequence": 6,
        "formFieldValueMapping": [
            {
                "formFieldId": 499,
                "fieldName": "Establishment Name",
                "fieldId": "establishmentName",
                "fieldSequence": 1,
                "fieldTypeId": 1,
                "fieldTypeName": "TEXT BOX",
                "isMandatory": false,
                "maximumValue": 100,
                "minimumValue": 3,
                "isDisabled": false,
                "formFieldOptionMapping": [],
                "formFieldValuesDTOList": [
                    {
                        "createdBy": "Dijisha",
                        "createdDate": "2024-07-26T06:38:49.000+00:00",
                        "updatedBy": "Dijisha",
                        "updatedDate": "2024-07-26T06:39:01.000+00:00",
                        "id": 468,
                        "fieldName": "establishmentName",
                        "fieldValue": null,
                        "formFieldId": 499,
                        "candidateId": 8,
                        "isDisabled": false,
                        "isMandatory": null
                    }
                ]
            },
            {
                "formFieldId": 500,
                "fieldName": "Establishment Address",
                "fieldId": "establishmentAddress",
                "fieldSequence": 2,
                "fieldTypeId": 1,
                "fieldTypeName": "TEXT BOX",
                "isMandatory": false,
                "maximumValue": 200,
                "minimumValue": 3,
                "isDisabled": false,
                "formFieldOptionMapping": [],
                "formFieldValuesDTOList": [
                    {
                        "createdBy": "Dijisha",
                        "createdDate": "2024-07-26T06:38:49.000+00:00",
                        "updatedBy": "Dijisha",
                        "updatedDate": "2024-07-26T06:39:01.000+00:00",
                        "id": 469,
                        "fieldName": "establishmentAddress",
                        "fieldValue": null,
                        "formFieldId": 500,
                        "candidateId": 8,
                        "isDisabled": false,
                        "isMandatory": null
                    }
                ]
            },
            {
                "formFieldId": 501,
                "fieldName": "UAN",
                "fieldId": "uanUnexempted",
                "fieldSequence": 3,
                "fieldTypeId": 1,
                "fieldTypeName": "TEXT BOX",
                "isMandatory": false,
                "maximumValue": 12,
                "minimumValue": 12,
                "isDisabled": false,
                "formFieldOptionMapping": [],
                "formFieldValuesDTOList": [
                    {
                        "createdBy": "Dijisha",
                        "createdDate": "2024-07-26T06:38:49.000+00:00",
                        "updatedBy": "Dijisha",
                        "updatedDate": "2024-07-26T06:39:01.000+00:00",
                        "id": 470,
                        "fieldName": "uanUnexempted",
                        "fieldValue": null,
                        "formFieldId": 501,
                        "candidateId": 8,
                        "isDisabled": false,
                        "isMandatory": null
                    }
                ]
            },
            {
                "formFieldId": 502,
                "fieldName": "PF Account Number",
                "fieldId": "pfAccountNumber",
                "fieldSequence": 4,
                "fieldTypeId": 1,
                "fieldTypeName": "TEXT BOX",
                "isMandatory": false,
                "maximumValue": 22,
                "minimumValue": 22,
                "isDisabled": false,
                "formFieldOptionMapping": [],
                "formFieldValuesDTOList": [
                    {
                        "createdBy": "Dijisha",
                        "createdDate": "2024-07-26T06:38:49.000+00:00",
                        "updatedBy": "Dijisha",
                        "updatedDate": "2024-07-26T06:39:01.000+00:00",
                        "id": 471,
                        "fieldName": "pfAccountNumber",
                        "fieldValue": null,
                        "formFieldId": 502,
                        "candidateId": 8,
                        "isDisabled": false,
                        "isMandatory": null
                    }
                ]
            },
            {
                "formFieldId": 503,
                "fieldName": "Date Of Joining",
                "fieldId": "dateOfJoiningUnexempted",
                "fieldSequence": 5,
                "fieldTypeId": 3,
                "fieldTypeName": "DATE",
                "isMandatory": false,
                "maximumValue": null,
                "minimumValue": null,
                "isDisabled": false,
                "formFieldOptionMapping": [],
                "formFieldValuesDTOList": [
                    {
                        "createdBy": "Dijisha",
                        "createdDate": "2024-07-26T06:38:49.000+00:00",
                        "updatedBy": "Dijisha",
                        "updatedDate": "2024-07-26T06:39:01.000+00:00",
                        "id": 472,
                        "fieldName": "dateOfJoiningUnexempted",
                        "fieldValue": null,
                        "formFieldId": 503,
                        "candidateId": 8,
                        "isDisabled": false,
                        "isMandatory": null
                    }
                ]
            },
            {
                "formFieldId": 504,
                "fieldName": "Date Of Exit",
                "fieldId": "dateOfExitUnexempted",
                "fieldSequence": 6,
                "fieldTypeId": 3,
                "fieldTypeName": "DATE",
                "isMandatory": false,
                "maximumValue": null,
                "minimumValue": null,
                "isDisabled": false,
                "formFieldOptionMapping": [],
                "formFieldValuesDTOList": [
                    {
                        "createdBy": "Dijisha",
                        "createdDate": "2024-07-26T06:38:49.000+00:00",
                        "updatedBy": "Dijisha",
                        "updatedDate": "2024-07-26T06:39:01.000+00:00",
                        "id": 473,
                        "fieldName": "dateOfExitUnexempted",
                        "fieldValue": null,
                        "formFieldId": 504,
                        "candidateId": 8,
                        "isDisabled": false,
                        "isMandatory": null
                    }
                ]
            },
            {
                "formFieldId": 505,
                "fieldName": "Scheme Certificate Number (If issued)",
                "fieldId": "schemeCertificateNoUnexempted",
                "fieldSequence": 7,
                "fieldTypeId": 1,
                "fieldTypeName": "TEXT BOX",
                "isMandatory": false,
                "maximumValue": null,
                "minimumValue": null,
                "isDisabled": false,
                "formFieldOptionMapping": [],
                "formFieldValuesDTOList": [
                    {
                        "createdBy": "Dijisha",
                        "createdDate": "2024-07-26T06:38:49.000+00:00",
                        "updatedBy": "Dijisha",
                        "updatedDate": "2024-07-26T06:39:01.000+00:00",
                        "id": 474,
                        "fieldName": "schemeCertificateNoUnexempted",
                        "fieldValue": null,
                        "formFieldId": 505,
                        "candidateId": 8,
                        "isDisabled": false,
                        "isMandatory": null
                    }
                ]
            },
            {
                "formFieldId": 506,
                "fieldName": "PPO Number (If Issued)",
                "fieldId": "ppoNumber",
                "fieldSequence": 8,
                "fieldTypeId": 1,
                "fieldTypeName": "TEXT BOX",
                "isMandatory": false,
                "maximumValue": 12,
                "minimumValue": 12,
                "isDisabled": false,
                "formFieldOptionMapping": [],
                "formFieldValuesDTOList": [
                    {
                        "createdBy": "Dijisha",
                        "createdDate": "2024-07-26T06:38:49.000+00:00",
                        "updatedBy": "Dijisha",
                        "updatedDate": "2024-07-26T06:39:01.000+00:00",
                        "id": 475,
                        "fieldName": "ppoNumber",
                        "fieldValue": null,
                        "formFieldId": 506,
                        "candidateId": 8,
                        "isDisabled": false,
                        "isMandatory": null
                    }
                ]
            },
            {
                "formFieldId": 507,
                "fieldName": "Non Contributory Period(NCP) days",
                "fieldId": "ncpUnexempted",
                "fieldSequence": 9,
                "fieldTypeId": 1,
                "fieldTypeName": "TEXT BOX",
                "isMandatory": false,
                "maximumValue": 3,
                "minimumValue": 1,
                "isDisabled": false,
                "formFieldOptionMapping": [],
                "formFieldValuesDTOList": [
                    {
                        "createdBy": "Dijisha",
                        "createdDate": "2024-07-26T06:38:49.000+00:00",
                        "updatedBy": "Dijisha",
                        "updatedDate": "2024-07-26T06:39:01.000+00:00",
                        "id": 476,
                        "fieldName": "ncpUnexempted",
                        "fieldValue": null,
                        "formFieldId": 507,
                        "candidateId": 8,
                        "isDisabled": false,
                        "isMandatory": null
                    }
                ]
            }
        ]
    },
    {
        "formName": "Composite Declaration Form -11",
        "sectionName": "Exempted Trusts",
        "formSectionId": 70,
        "sectionSequence": 7,
        "formFieldValueMapping": [
            {
                "formFieldId": 508,
                "fieldName": "Name of the Trust",
                "fieldId": "trustName",
                "fieldSequence": 1,
                "fieldTypeId": 1,
                "fieldTypeName": "TEXT BOX",
                "isMandatory": false,
                "maximumValue": 100,
                "minimumValue": 3,
                "isDisabled": false,
                "formFieldOptionMapping": [],
                "formFieldValuesDTOList": [
                    {
                        "createdBy": "Dijisha",
                        "createdDate": "2024-07-26T06:38:49.000+00:00",
                        "updatedBy": "Dijisha",
                        "updatedDate": "2024-07-26T06:39:01.000+00:00",
                        "id": 477,
                        "fieldName": "trustName",
                        "fieldValue": null,
                        "formFieldId": 508,
                        "candidateId": 8,
                        "isDisabled": false,
                        "isMandatory": null
                    }
                ]
            },
            {
                "formFieldId": 509,
                "fieldName": "Address of the Trust",
                "fieldId": "trustAddress",
                "fieldSequence": 2,
                "fieldTypeId": 1,
                "fieldTypeName": "TEXT BOX",
                "isMandatory": false,
                "maximumValue": 200,
                "minimumValue": 3,
                "isDisabled": false,
                "formFieldOptionMapping": [],
                "formFieldValuesDTOList": [
                    {
                        "createdBy": "Dijisha",
                        "createdDate": "2024-07-26T06:38:49.000+00:00",
                        "updatedBy": "Dijisha",
                        "updatedDate": "2024-07-26T06:39:01.000+00:00",
                        "id": 478,
                        "fieldName": "trustAddress",
                        "fieldValue": null,
                        "formFieldId": 509,
                        "candidateId": 8,
                        "isDisabled": false,
                        "isMandatory": null
                    }
                ]
            },
            {
                "formFieldId": 510,
                "fieldName": "UAN",
                "fieldId": "uanExempted",
                "fieldSequence": 3,
                "fieldTypeId": 1,
                "fieldTypeName": "TEXT BOX",
                "isMandatory": false,
                "maximumValue": 12,
                "minimumValue": 12,
                "isDisabled": false,
                "formFieldOptionMapping": [],
                "formFieldValuesDTOList": [
                    {
                        "createdBy": "Dijisha",
                        "createdDate": "2024-07-26T06:38:49.000+00:00",
                        "updatedBy": "Dijisha",
                        "updatedDate": "2024-07-26T06:39:01.000+00:00",
                        "id": 479,
                        "fieldName": "uanExempted",
                        "fieldValue": null,
                        "formFieldId": 510,
                        "candidateId": 8,
                        "isDisabled": false,
                        "isMandatory": null
                    }
                ]
            },
            {
                "formFieldId": 511,
                "fieldName": "Member EPS A/c Number",
                "fieldId": "epsAccountNo",
                "fieldSequence": 4,
                "fieldTypeId": 1,
                "fieldTypeName": "TEXT BOX",
                "isMandatory": false,
                "maximumValue": 22,
                "minimumValue": 22,
                "isDisabled": false,
                "formFieldOptionMapping": [],
                "formFieldValuesDTOList": [
                    {
                        "createdBy": "Dijisha",
                        "createdDate": "2024-07-26T06:38:49.000+00:00",
                        "updatedBy": "Dijisha",
                        "updatedDate": "2024-07-26T06:39:01.000+00:00",
                        "id": 480,
                        "fieldName": "epsAccountNo",
                        "fieldValue": null,
                        "formFieldId": 511,
                        "candidateId": 8,
                        "isDisabled": false,
                        "isMandatory": null
                    }
                ]
            },
            {
                "formFieldId": 512,
                "fieldName": "Date Of Joining",
                "fieldId": "dateOfJoiningExempted",
                "fieldSequence": 5,
                "fieldTypeId": 3,
                "fieldTypeName": "DATE",
                "isMandatory": false,
                "maximumValue": null,
                "minimumValue": null,
                "isDisabled": false,
                "formFieldOptionMapping": [],
                "formFieldValuesDTOList": [
                    {
                        "createdBy": "Dijisha",
                        "createdDate": "2024-07-26T06:38:49.000+00:00",
                        "updatedBy": "Dijisha",
                        "updatedDate": "2024-07-26T06:39:01.000+00:00",
                        "id": 481,
                        "fieldName": "dateOfJoiningExempted",
                        "fieldValue": null,
                        "formFieldId": 512,
                        "candidateId": 8,
                        "isDisabled": false,
                        "isMandatory": null
                    }
                ]
            },
            {
                "formFieldId": 513,
                "fieldName": "Date of Exit",
                "fieldId": "dateOfExitExempted",
                "fieldSequence": 6,
                "fieldTypeId": 3,
                "fieldTypeName": "DATE",
                "isMandatory": false,
                "maximumValue": null,
                "minimumValue": null,
                "isDisabled": false,
                "formFieldOptionMapping": [],
                "formFieldValuesDTOList": [
                    {
                        "createdBy": "Dijisha",
                        "createdDate": "2024-07-26T06:38:49.000+00:00",
                        "updatedBy": "Dijisha",
                        "updatedDate": "2024-07-26T06:39:01.000+00:00",
                        "id": 482,
                        "fieldName": "dateOfExitExempted",
                        "fieldValue": null,
                        "formFieldId": 513,
                        "candidateId": 8,
                        "isDisabled": false,
                        "isMandatory": null
                    }
                ]
            },
            {
                "formFieldId": 514,
                "fieldName": "Scheme Certificate Number (If issued)",
                "fieldId": "schemeCertificateNoeExempted",
                "fieldSequence": 7,
                "fieldTypeId": 1,
                "fieldTypeName": "TEXT BOX",
                "isMandatory": false,
                "maximumValue": null,
                "minimumValue": null,
                "isDisabled": false,
                "formFieldOptionMapping": [],
                "formFieldValuesDTOList": [
                    {
                        "createdBy": "Dijisha",
                        "createdDate": "2024-07-26T06:38:49.000+00:00",
                        "updatedBy": "Dijisha",
                        "updatedDate": "2024-07-26T06:39:01.000+00:00",
                        "id": 483,
                        "fieldName": "schemeCertificateNoeExempted",
                        "fieldValue": null,
                        "formFieldId": 514,
                        "candidateId": 8,
                        "isDisabled": false,
                        "isMandatory": null
                    }
                ]
            },
            {
                "formFieldId": 515,
                "fieldName": "Non Contributory Period(NCP) days",
                "fieldId": "ncpExempted",
                "fieldSequence": 8,
                "fieldTypeId": 1,
                "fieldTypeName": "TEXT BOX",
                "isMandatory": false,
                "maximumValue": 3,
                "minimumValue": 1,
                "isDisabled": false,
                "formFieldOptionMapping": [],
                "formFieldValuesDTOList": [
                    {
                        "createdBy": "Dijisha",
                        "createdDate": "2024-07-26T06:38:49.000+00:00",
                        "updatedBy": "Dijisha",
                        "updatedDate": "2024-07-26T06:39:01.000+00:00",
                        "id": 484,
                        "fieldName": "ncpExempted",
                        "fieldValue": null,
                        "formFieldId": 515,
                        "candidateId": 8,
                        "isDisabled": false,
                        "isMandatory": null
                    }
                ]
            }
        ]
    },
    {
        "formName": "Composite Declaration Form -11",
        "sectionName": "International Worker",
        "formSectionId": 71,
        "sectionSequence": 8,
        "formFieldValueMapping": [
            {
                "formFieldId": 516,
                "fieldName": "International Worker",
                "fieldId": "internationalWorkerCheck",
                "fieldSequence": 1,
                "fieldTypeId": 4,
                "fieldTypeName": "RADIO",
                "isMandatory": false,
                "maximumValue": null,
                "minimumValue": null,
                "isDisabled": false,
                "formFieldOptionMapping": [
                    {
                        "id": 157,
                        "optionName": "Yes"
                    },
                    {
                        "id": 158,
                        "optionName": "No"
                    }
                ],
                "formFieldValuesDTOList": [
                    {
                        "createdBy": "Dijisha",
                        "createdDate": "2024-07-26T06:38:49.000+00:00",
                        "updatedBy": "Dijisha",
                        "updatedDate": "2024-07-26T06:39:01.000+00:00",
                        "id": 485,
                        "fieldName": "internationalWorkerCheck",
                        "fieldValue": "No",
                        "formFieldId": 516,
                        "candidateId": 8,
                        "isDisabled": false,
                        "isMandatory": null
                    }
                ]
            },
            {
                "formFieldId": 517,
                "fieldName": "state country of origin (India/Name of other country)",
                "fieldId": "ifYesStateCountryOfOrigin",
                "fieldSequence": 2,
                "fieldTypeId": 1,
                "fieldTypeName": "TEXT BOX",
                "isMandatory": false,
                "maximumValue": 100,
                "minimumValue": 3,
                "isDisabled": false,
                "formFieldOptionMapping": [],
                "formFieldValuesDTOList": [
                    {
                        "createdBy": "Dijisha",
                        "createdDate": "2024-07-26T06:38:49.000+00:00",
                        "updatedBy": "Dijisha",
                        "updatedDate": "2024-07-26T06:39:01.000+00:00",
                        "id": 486,
                        "fieldName": "ifYesStateCountryOfOrigin",
                        "fieldValue": null,
                        "formFieldId": 517,
                        "candidateId": 8,
                        "isDisabled": false,
                        "isMandatory": null
                    }
                ]
            },
            {
                "formFieldId": 518,
                "fieldName": "Passport Number",
                "fieldId": "passportNo",
                "fieldSequence": 3,
                "fieldTypeId": 1,
                "fieldTypeName": "TEXT BOX",
                "isMandatory": false,
                "maximumValue": 12,
                "minimumValue": 8,
                "isDisabled": false,
                "formFieldOptionMapping": [],
                "formFieldValuesDTOList": [
                    {
                        "createdBy": "Dijisha",
                        "createdDate": "2024-07-26T06:38:49.000+00:00",
                        "updatedBy": "Dijisha",
                        "updatedDate": "2024-07-26T06:39:01.000+00:00",
                        "id": 487,
                        "fieldName": "passportNo",
                        "fieldValue": null,
                        "formFieldId": 518,
                        "candidateId": 8,
                        "isDisabled": false,
                        "isMandatory": null
                    }
                ]
            },
            {
                "formFieldId": 519,
                "fieldName": "Validity of passport From",
                "fieldId": "validityOfPassportFrom",
                "fieldSequence": 4,
                "fieldTypeId": 3,
                "fieldTypeName": "DATE",
                "isMandatory": false,
                "maximumValue": null,
                "minimumValue": null,
                "isDisabled": false,
                "formFieldOptionMapping": [],
                "formFieldValuesDTOList": [
                    {
                        "createdBy": "Dijisha",
                        "createdDate": "2024-07-26T06:38:49.000+00:00",
                        "updatedBy": "Dijisha",
                        "updatedDate": "2024-07-26T06:39:01.000+00:00",
                        "id": 488,
                        "fieldName": "validityOfPassportFrom",
                        "fieldValue": null,
                        "formFieldId": 519,
                        "candidateId": 8,
                        "isDisabled": false,
                        "isMandatory": null
                    }
                ]
            },
            {
                "formFieldId": 523,
                "fieldName": "Validity of passport To",
                "fieldId": "validityOfPassportTo",
                "fieldSequence": 5,
                "fieldTypeId": 3,
                "fieldTypeName": "DATE",
                "isMandatory": false,
                "maximumValue": null,
                "minimumValue": null,
                "isDisabled": false,
                "formFieldOptionMapping": [],
                "formFieldValuesDTOList": [
                    {
                        "createdBy": "Dijisha",
                        "createdDate": "2024-07-26T06:38:49.000+00:00",
                        "updatedBy": "Dijisha",
                        "updatedDate": "2024-07-26T06:39:01.000+00:00",
                        "id": 489,
                        "fieldName": "validityOfPassportTo",
                        "fieldValue": null,
                        "formFieldId": 523,
                        "candidateId": 8,
                        "isDisabled": false,
                        "isMandatory": null
                    }
                ]
            }
        ]
    },
    {
        "formName": "Composite Declaration Form -11",
        "sectionName": "Undertaking",
        "formSectionId": 72,
        "sectionSequence": 9,
        "formFieldValueMapping": [
            {
                "formFieldId": 520,
                "fieldName": "1) Certified that the particulars are true to the best of my knowledge.\r\n2) I authorize EPFO to use my Aadhar for verification/authentication/e-KYC purpose for service delivery.\r\n3) Kindly transfer the funds and service details, if applicable, from the previous PF account as declared above to the present P.F.\r\nAccount as I am an Aadhar verified employee in my previous PF Account\r\n4) In case of changes in above details, the same will be intimated to employer at the earliest",
                "fieldId": "Undertaking",
                "fieldSequence": 1,
                "fieldTypeId": 6,
                "fieldTypeName": "CHECK BOX",
                "isMandatory": true,
                "maximumValue": 7,
                "minimumValue": 7,
                "isDisabled": false,
                "formFieldOptionMapping": [
                    {
                        "id": 159,
                        "optionName": "I Agree"
                    }
                ],
                "formFieldValuesDTOList": [
                    {
                        "createdBy": null,
                        "createdDate": "2024-07-26T06:02:53.000+00:00",
                        "updatedBy": null,
                        "updatedDate": "2024-07-26T06:02:53.000+00:00",
                        "id": 530,
                        "fieldName": "Undertaking",
                        "fieldValue": "I Agree",
                        "formFieldId": 520,
                        "candidateId": 8,
                        "isDisabled": false,
                        "isMandatory": null
                    }
                ]
            }
        ]
    }
]