[
    {
        "formName": "SODEXO Meal Passes",
        "sectionName": "Sodexo Meal pass Decleration",
        "formSectionId": 73,
        "sectionSequence": 1,
        "formFieldValueMapping": [
            {
                "formFieldId": 521,
                "fieldName": "I would like to avail Sodexo Meal Passes provided by Bilvantis Technologies Private Limited.\r\nPlease adjust Meal amount mentioned in CTC break up against Meal Passes",
                "fieldId": "sodexoMealUndertaking",
                "fieldSequence": 1,
                "fieldTypeId": 6,
                "fieldTypeName": "CHECK BOX",
                "isMandatory": true,
                "maximumValue": 7,
                "minimumValue": 7,
                "isDisabled": false,
                "formFieldOptionMapping": [
                    {
                        "id": 160,
                        "optionName": "I Agree"
                    }
                ],
                "formFieldValuesDTOList": [
                    {
                        "createdBy": null,
                        "createdDate": "2024-07-26T10:15:05.000+00:00",
                        "updatedBy": null,
                        "updatedDate": "2024-07-26T10:15:05.000+00:00",
                        "id": 6479,
                        "fieldName": "sodexoMealUndertaking",
                        "fieldValue": "I Agree",
                        "formFieldId": 521,
                        "candidateId": 49,
                        "isDisabled": false,
                        "isMandatory": null
                    }
                ]
            }
        ]
    }
]