"id","last_login","created_at","modified_at","record_status","username","email","password","login_at","logout_at","login_attempt_3","active","created_by_id","modified_by_id","customer_id","login_type_id","user_id","worker_id"
"1",NULL,"2024-05-17 18:14:32.306774+05:30","2024-05-17 18:14:32.306774+05:30",True,"r_user","rahulramagiri27@gmail.com","r_user",NULL,NULL,0,True,NULL,NULL,NULL,"2","1",NULL
"2",NULL,"2024-05-17 19:12:29.012046+05:30","2024-05-22 15:28:01.125385+05:30",True,"b_user","rahulramagiri27@gmail.com","pbkdf2_sha256$600000$zJ2JaBn7FKdofbDsDfkBTO$mDUqh1eATXV10iFDKryHwyQAzFAX8PAyaDkgUVBqEAs=",NULL,NULL,0,True,NULL,NULL,NULL,"2",NULL,NULL
"3",NULL,"2024-05-23 17:50:25.070816+05:30","2024-05-24 16:53:41.092426+05:30",True,"d_user","rahulramagiri27@gmail.com","zW5D1B",NULL,NULL,0,True,NULL,NULL,NULL,"2",NULL,NULL
"4",NULL,"2024-05-24 22:04:24.137059+05:30","2024-05-24 22:04:24.137059+05:30",True,"e_user","rahulramagiri27@gmail.com","pbkdf2_sha256$600000$iGPGEcvVsUPV5BAc49MLVu$Gh4ouRiAOZ4XHmx6/hLLWbGFcb2XABuxEXuTUtl9kzc=",NULL,NULL,0,False,NULL,NULL,NULL,"2",NULL,NULL
"5",NULL,"2024-05-28 17:19:24.939586+05:30","2024-05-28 17:19:24.939586+05:30",True,"a_customer","rahulramagiri27@gmail.com","pbkdf2_sha256$600000$UMFgA9uqXDxwhqRl3br76N$DzyUYvCrrpX6uYa81h+3CW50aeFgnzL9/K4TxTlca5k=",NULL,NULL,0,False,NULL,NULL,NULL,"3",NULL,NULL
"6",NULL,"2024-05-28 17:45:56.677605+05:30","2024-05-28 17:45:56.677605+05:30",True,"c_customer","rahulramagiri27@gmail.com","pbkdf2_sha256$600000$h3lRT3zyXIhRzd4bzT4vXn$2grF6GVvaCcrnUa0s4D60TD7Eqx1vTa2A0dwxbxqylU=",NULL,NULL,0,False,NULL,NULL,NULL,"3",NULL,NULL
"7",NULL,"2024-05-28 17:46:46.004394+05:30","2024-05-28 17:46:46.004394+05:30",True,"f_user","rahulramagiri27@gmail.com","pbkdf2_sha256$600000$wyo8W8g9VX4v3RK8hPaI5i$+s28SDJ2bfapohqFUCuHXrPuQLgByy7NzajW1e5RqTU=",NULL,NULL,0,False,NULL,NULL,NULL,"2",NULL,NULL
"8",NULL,"2024-05-28 17:47:42.042056+05:30","2024-06-12 23:14:08.464117+05:30",True,"a_admin","rahulramagiri27@gmail.com","pbkdf2_sha256$600000$NntsRm7kgX1CxZan1uamh9$q85vE1VLMAn81IwDcKz07XNHfhaDPOjfUzWJgAjBuXU=","2024-06-12 23:14:08.464117+05:30",NULL,0,False,NULL,NULL,NULL,"1",NULL,NULL
