"id","bill_no_oid_cid","bill_no","particular_name","order_date","trail_date","trail_status","delivery_date","delivery_status","order_status","comments","remark","design_pattern","customer_id","particular_id","user_id","qty","qty_total_amount"
"4",NULL,"","SR","2024-06-12 05:30:00+05:30",NULL,NULL,"2024-06-18 05:30:00+05:30",NULL,False,NULL,NULL,NULL,"1","1","8",2,"1000.00"
"5",NULL,"","PA","2024-06-12 05:30:00+05:30",NULL,NULL,"2024-06-18 05:30:00+05:30",NULL,False,NULL,NULL,NULL,"1","2","8",1,"500.00"
"6",NULL,"","SR","2024-06-12 05:30:00+05:30",NULL,NULL,"2024-06-18 05:30:00+05:30",NULL,False,NULL,NULL,NULL,"2","1","8",1,"500.00"
"7",NULL,"","NS","2024-06-12 05:30:00+05:30",NULL,NULL,"2024-06-18 05:30:00+05:30",NULL,False,NULL,NULL,NULL,"2","6","8",1,"500.00"
